,cantidad_palabras,criticidad,sentimiento,medio_La Prensa,medio_TVN,medio_Telemetro,categoria_original_contenido-exclusivo,categoria_original_deportes,categoria_original_economia,categoria_original_entretenimiento,categoria_original_mundo,categoria_original_nacionales,categoria_original_otro,categoria_original_politica,categoria_original_salud,categoria_original_tecnologia,anio,mes
0,379,0,0.85,0,1,0,0,0,0,0,0,1,0,0,0,0,2026,7
1,222,13,0.8,0,1,0,0,0,0,0,0,1,0,0,0,0,2026,7
2,584,18,-0.85,0,1,0,0,0,0,0,0,1,0,0,0,0,2026,7
3,413,10,-0.98,0,1,0,0,0,0,0,0,1,0,0,0,0,2026,7
4,383,4,-0.85,0,1,0,0,0,0,0,0,1,0,0,0,0,2026,7
5,442,17,0.85,0,1,0,0,0,0,0,0,1,0,0,0,0,2026,7
6,377,0,-1.0,0,1,0,0,0,0,0,0,1,0,0,0,0,2026,7
7,413,0,0.85,0,1,0,0,0,0,0,0,1,0,0,0,0,2026,7
8,266,16,0.85,0,1,0,0,0,0,0,0,1,0,0,0,0,2026,7
9,357,15,0.85,0,1,0,0,0,0,0,0,1,0,0,0,0,2026,7
10,248,0,0.85,0,1,0,0,0,0,0,0,1,0,0,0,0,2026,7
11,264,0,0.85,0,1,0,0,0,0,0,0,1,0,0,0,0,2026,7
12,213,10,0.85,0,1,0,0,0,0,0,0,1,0,0,0,0,2026,7
13,250,3,-0.85,0,1,0,0,0,0,0,0,1,0,0,0,0,2026,7
14,263,0,0.85,0,1,0,0,0,0,0,0,1,0,0,0,0,2026,7
15,311,10,-1.0,0,1,0,0,0,0,0,0,1,0,0,0,0,2026,7
16,221,0,0.85,0,1,0,0,0,0,0,0,1,0,0,0,0,2026,7
17,231,10,-0.85,0,1,0,0,0,0,0,0,1,0,0,0,0,2026,7
18,512,7,0.8,0,1,0,0,0,0,0,0,1,0,0,0,0,2026,7
19,574,18,0.85,0,1,0,0,0,0,0,0,1,0,0,0,0,2026,7
20,570,0,0.85,0,1,0,0,0,0,0,0,1,0,0,0,0,2026,7
21,287,5,0.85,0,1,0,0,0,0,0,0,1,0,0,0,0,2026,7
22,293,6,0.85,0,1,0,0,0,0,0,0,1,0,0,0,0,2026,7
23,345,0,0.85,0,1,0,0,0,0,0,0,1,0,0,0,0,2026,7
24,268,23,-0.85,0,1,0,0,0,0,0,0,1,0,0,0,0,2026,7
25,307,0,-0.5,0,1,0,0,0,0,0,0,1,0,0,0,0,2026,7
26,414,13,-0.85,0,1,0,0,0,0,0,0,1,0,0,0,0,2026,7
27,576,0,0.8,0,1,0,0,0,0,0,0,1,0,0,0,0,2026,7
28,872,24,-1.0,0,1,0,0,0,0,0,0,1,0,0,0,0,2026,7
29,357,3,-0.85,0,1,0,0,0,0,0,0,1,0,0,0,0,2026,7
30,297,0,-0.8,0,1,0,0,0,0,0,0,1,0,0,0,0,2026,7
31,151,0,0.8,0,1,0,0,0,0,0,0,1,0,0,0,0,2026,7
32,292,10,-0.85,0,1,0,0,0,0,0,0,1,0,0,0,0,2026,7
33,546,11,0.8,0,1,0,0,0,0,0,0,1,0,0,0,0,2026,7
34,556,5,-0.85,0,1,0,0,0,0,0,0,1,0,0,0,0,2026,7
35,387,3,-0.85,0,1,0,0,0,0,0,0,1,0,0,0,0,2026,7
36,384,20,-0.85,0,1,0,0,0,0,0,0,1,0,0,0,0,2026,7
37,162,13,0.5,0,1,0,0,0,0,0,0,1,0,0,0,0,2026,7
38,364,0,-0.85,0,1,0,0,0,0,0,0,1,0,0,0,0,2026,7
39,769,27,0.85,0,1,0,0,0,0,0,0,1,0,0,0,0,2026,7
40,286,0,-1.0,0,1,0,0,0,0,0,0,1,0,0,0,0,2026,7
41,442,5,-0.8,0,1,0,0,0,0,0,0,1,0,0,0,0,2026,7
42,298,9,-0.8,0,1,0,0,0,0,0,0,1,0,0,0,0,2026,7
43,318,10,0.85,0,1,0,0,0,0,0,0,1,0,0,0,0,2026,7
44,653,15,0.95,0,1,0,0,0,0,0,1,0,0,0,0,0,2026,7
45,674,16,-0.8,0,1,0,0,0,0,0,1,0,0,0,0,0,2026,7
46,515,22,-0.85,0,1,0,0,0,0,0,1,0,0,0,0,0,2026,7
47,541,53,-0.85,0,1,0,0,0,0,0,1,0,0,0,0,0,2026,7
48,692,18,0.85,0,1,0,0,0,0,0,1,0,0,0,0,0,2026,7
49,692,28,0.85,0,1,0,0,0,0,0,1,0,0,0,0,0,2026,7
50,332,32,0.85,0,1,0,0,0,0,0,1,0,0,0,0,0,2026,7
51,405,9,-0.85,0,1,0,0,0,0,0,1,0,0,0,0,0,2026,7
52,432,17,-1.0,0,1,0,0,0,0,0,1,0,0,0,0,0,2026,7
53,234,5,-0.5,0,1,0,0,0,0,0,1,0,0,0,0,0,2026,7
54,169,0,-0.85,0,1,0,0,0,0,0,1,0,0,0,0,0,2026,7
55,347,35,0.85,0,1,0,0,0,0,0,1,0,0,0,0,0,2026,7
56,112,10,-1.0,0,1,0,0,0,0,0,1,0,0,0,0,0,2026,7
57,207,5,-1.0,0,1,0,0,0,0,0,1,0,0,0,0,0,2026,7
58,194,46,-0.8,0,1,0,0,0,0,0,1,0,0,0,0,0,2026,7
59,603,18,-0.85,0,1,0,0,0,0,0,1,0,0,0,0,0,2026,7
60,303,9,0.85,0,1,0,0,0,0,0,1,0,0,0,0,0,2026,7
61,668,0,0.85,0,1,0,0,0,0,0,1,0,0,0,0,0,2026,7
62,256,0,0.85,0,1,0,0,0,0,0,1,0,0,0,0,0,2026,7
63,332,23,-0.85,0,1,0,0,0,0,0,1,0,0,0,0,0,2026,7
64,431,16,-0.8,0,1,0,0,0,0,0,1,0,0,0,0,0,2026,7
65,241,6,0.85,0,1,0,0,0,0,0,1,0,0,0,0,0,2026,7
66,662,35,-0.85,0,1,0,0,0,0,0,1,0,0,0,0,0,2026,7
67,348,30,0.85,0,1,0,0,0,0,0,1,0,0,0,0,0,2026,7
68,391,6,-0.8,0,1,0,0,0,0,0,1,0,0,0,0,0,2026,7
69,781,39,0.85,0,1,0,0,0,0,0,1,0,0,0,0,0,2026,7
70,184,9,-1.0,0,1,0,0,0,0,0,1,0,0,0,0,0,2026,7
71,440,0,-1.0,0,1,0,0,0,0,0,1,0,0,0,0,0,2026,7
72,527,37,-0.85,0,1,0,0,0,0,0,1,0,0,0,0,0,2026,7
73,259,3,-0.95,0,1,0,0,0,0,0,1,0,0,0,0,0,2026,7
74,594,10,-0.8,0,1,0,0,0,0,0,1,0,0,0,0,0,2026,7
75,220,14,-0.9,0,1,0,0,0,0,0,1,0,0,0,0,0,2026,7
76,229,0,-0.85,0,1,0,0,0,0,0,1,0,0,0,0,0,2026,7
77,250,0,-1.0,0,1,0,0,0,0,0,1,0,0,0,0,0,2026,7
78,301,12,-0.65,0,1,0,0,0,0,0,1,0,0,0,0,0,2026,7
79,515,13,-1.0,0,1,0,0,0,0,0,1,0,0,0,0,0,2026,7
80,265,21,-0.85,0,1,0,0,0,0,0,1,0,0,0,0,0,2026,7
81,255,23,0.95,0,1,0,0,0,0,0,1,0,0,0,0,0,2026,7
82,370,21,0.85,0,1,0,0,0,0,0,1,0,0,0,0,0,2026,7
83,781,14,-0.8,0,1,0,1,0,0,0,0,0,0,0,0,0,2026,5
84,659,14,-1.0,0,1,0,1,0,0,0,0,0,0,0,0,0,2026,5
85,699,10,-1.0,0,1,0,1,0,0,0,0,0,0,0,0,0,2026,5
86,657,30,-1.0,0,1,0,1,0,0,0,0,0,0,0,0,0,2026,5
87,941,15,-0.85,0,1,0,1,0,0,0,0,0,0,0,0,0,2026,4
88,1269,24,-0.8,0,1,0,1,0,0,0,0,0,0,0,0,0,2026,4
89,878,0,-0.8,0,1,0,1,0,0,0,0,0,0,0,0,0,2026,4
90,761,28,0.85,0,1,0,1,0,0,0,0,0,0,0,0,0,2026,4
91,363,0,0.85,0,1,0,1,0,0,0,0,0,0,0,0,0,2026,4
92,931,24,0.85,0,1,0,1,0,0,0,0,0,0,0,0,0,2026,4
93,1000,10,-0.85,0,1,0,1,0,0,0,0,0,0,0,0,0,2026,4
94,276,0,0.85,0,1,0,1,0,0,0,0,0,0,0,0,0,2026,4
95,792,10,0.85,0,1,0,1,0,0,0,0,0,0,0,0,0,2026,3
96,1617,16,0.85,0,1,0,1,0,0,0,0,0,0,0,0,0,2026,3
97,1618,10,-0.85,0,1,0,1,0,0,0,0,0,0,0,0,0,2026,3
98,725,16,-0.85,0,1,0,1,0,0,0,0,0,0,0,0,0,2026,3
99,757,6,0.85,0,1,0,1,0,0,0,0,0,0,0,0,0,2026,3
100,811,31,0.85,0,1,0,1,0,0,0,0,0,0,0,0,0,2026,3
101,2466,23,0.95,0,1,0,1,0,0,0,0,0,0,0,0,0,2025,6
102,1167,5,-0.95,0,1,0,1,0,0,0,0,0,0,0,0,0,2026,3
103,643,18,0.85,0,1,0,1,0,0,0,0,0,0,0,0,0,2026,3
104,452,0,-0.85,0,1,0,1,0,0,0,0,0,0,0,0,0,2026,3
105,2789,48,0.5,0,1,0,1,0,0,0,0,0,0,0,0,0,2026,3
106,503,6,-1.0,0,1,0,1,0,0,0,0,0,0,0,0,0,2026,3
107,1133,29,0.85,0,1,0,1,0,0,0,0,0,0,0,0,0,2026,3
108,565,3,0.85,0,1,0,1,0,0,0,0,0,0,0,0,0,2026,3
109,921,12,0.85,0,1,0,1,0,0,0,0,0,0,0,0,0,2026,3
110,1077,19,0.85,0,1,0,1,0,0,0,0,0,0,0,0,0,2026,3
111,485,18,0.85,0,1,0,1,0,0,0,0,0,0,0,0,0,2026,2
112,899,18,0.85,0,1,0,1,0,0,0,0,0,0,0,0,0,2026,2
113,685,10,-1.0,0,1,0,1,0,0,0,0,0,0,0,0,0,2026,2
114,286,9,0.85,0,1,0,1,0,0,0,0,0,0,0,0,0,2026,1
115,1316,10,0.85,0,1,0,1,0,0,0,0,0,0,0,0,0,2026,1
116,755,33,0.8,0,1,0,1,0,0,0,0,0,0,0,0,0,2026,1
117,786,40,0.85,0,1,0,1,0,0,0,0,0,0,0,0,0,2026,1
118,1025,22,0.8,0,1,0,1,0,0,0,0,0,0,0,0,0,2026,1
119,535,6,-0.85,0,1,0,1,0,0,0,0,0,0,0,0,0,2026,1
120,899,20,0.85,0,1,0,1,0,0,0,0,0,0,0,0,0,2026,1
121,673,9,-0.85,0,1,0,1,0,0,0,0,0,0,0,0,0,2026,1
122,670,20,0.95,0,1,0,0,0,0,1,0,0,0,0,0,0,2026,7
123,439,3,0.8,0,1,0,0,0,0,1,0,0,0,0,0,0,2026,7
124,632,0,0.85,0,1,0,0,0,0,1,0,0,0,0,0,0,2026,7
125,820,9,-0.95,0,1,0,0,0,0,1,0,0,0,0,0,0,2026,7
126,647,18,0.85,0,1,0,0,0,0,1,0,0,0,0,0,0,2026,7
127,645,0,0.85,0,1,0,0,0,0,1,0,0,0,0,0,0,2026,7
128,323,26,-0.85,0,1,0,0,0,0,1,0,0,0,0,0,0,2026,7
129,722,16,-0.85,0,1,0,0,0,0,1,0,0,0,0,0,0,2026,7
130,723,9,0.85,0,1,0,0,0,0,1,0,0,0,0,0,0,2026,7
131,649,0,-1.0,0,1,0,0,0,0,1,0,0,0,0,0,0,2026,7
132,753,0,0.85,0,1,0,0,0,0,1,0,0,0,0,0,0,2026,7
133,655,0,0.85,0,1,0,0,0,0,1,0,0,0,0,0,0,2026,7
134,169,0,-0.85,0,1,0,0,0,0,1,0,0,0,0,0,0,2026,7
135,641,0,-1.0,0,1,0,0,0,0,1,0,0,0,0,0,0,2026,7
136,456,8,0.85,0,1,0,0,0,0,1,0,0,0,0,0,0,2026,7
137,701,0,-0.85,0,1,0,0,0,0,1,0,0,0,0,0,0,2026,7
138,399,10,-0.5,0,1,0,0,0,0,1,0,0,0,0,0,0,2026,7
139,504,4,-0.8,0,1,0,0,0,0,1,0,0,0,0,0,0,2026,7
140,617,27,-1.0,0,1,0,0,0,0,1,0,0,0,0,0,0,2026,7
141,627,0,-0.85,0,1,0,0,0,0,1,0,0,0,0,0,0,2026,7
142,685,3,0.85,0,1,0,0,0,0,1,0,0,0,0,0,0,2026,7
143,570,28,-0.85,0,1,0,0,0,0,1,0,0,0,0,0,0,2026,7
144,577,0,-0.85,0,1,0,0,0,0,1,0,0,0,0,0,0,2026,7
145,416,18,0.85,0,1,0,0,0,0,1,0,0,0,0,0,0,2026,7
146,599,0,0.85,0,1,0,0,0,0,1,0,0,0,0,0,0,2026,7
147,661,3,-0.85,0,1,0,0,0,0,1,0,0,0,0,0,0,2026,7
148,584,10,-0.85,0,1,0,0,0,0,1,0,0,0,0,0,0,2026,7
149,323,0,-0.85,0,1,0,0,0,0,1,0,0,0,0,0,0,2026,7
150,600,3,0.85,0,1,0,0,0,0,1,0,0,0,0,0,0,2026,7
151,241,0,-0.85,0,1,0,0,0,0,1,0,0,0,0,0,0,2026,7
152,998,10,0.85,0,1,0,0,0,0,1,0,0,0,0,0,0,2026,7
153,544,31,0.85,0,1,0,0,0,0,1,0,0,0,0,0,0,2026,7
154,677,3,-0.85,0,1,0,0,0,0,1,0,0,0,0,0,0,2026,7
155,387,0,0.85,0,1,0,0,0,0,1,0,0,0,0,0,0,2026,7
156,342,0,0.85,0,1,0,0,0,0,1,0,0,0,0,0,0,2026,7
157,289,0,-0.85,0,1,0,0,0,0,1,0,0,0,0,0,0,2026,7
158,679,10,0.85,0,1,0,0,0,0,1,0,0,0,0,0,0,2026,7
159,737,39,-0.85,0,1,0,0,0,0,1,0,0,0,0,0,0,2026,7
160,658,0,-0.85,0,1,0,0,0,0,1,0,0,0,0,0,0,2026,7
161,723,16,-0.85,0,1,0,0,0,0,1,0,0,0,0,0,0,2026,7
162,512,14,0.85,0,1,0,0,1,0,0,0,0,0,0,0,0,2026,5
163,467,17,-0.85,0,1,0,0,1,0,0,0,0,0,0,0,0,2026,5
164,435,14,-1.0,0,1,0,0,1,0,0,0,0,0,0,0,0,2026,5
165,388,3,-0.85,0,1,0,0,1,0,0,0,0,0,0,0,0,2026,5
166,310,13,-0.85,0,1,0,0,1,0,0,0,0,0,0,0,0,2026,5
167,179,3,-1.0,0,1,0,0,1,0,0,0,0,0,0,0,0,2026,5
168,474,23,-0.8,0,1,0,0,1,0,0,0,0,0,0,0,0,2026,5
169,759,31,-0.85,0,1,0,0,1,0,0,0,0,0,0,0,0,2026,5
170,423,7,-1.0,0,1,0,0,1,0,0,0,0,0,0,0,0,2026,5
171,474,7,0.85,0,1,0,0,1,0,0,0,0,0,0,0,0,2026,5
172,367,3,-0.85,0,1,0,0,1,0,0,0,0,0,0,0,0,2026,5
173,268,8,-0.85,0,1,0,0,1,0,0,0,0,0,0,0,0,2026,5
174,347,3,0.85,0,1,0,0,1,0,0,0,0,0,0,0,0,2026,5
175,287,0,-1.0,0,1,0,0,1,0,0,0,0,0,0,0,0,2026,5
176,484,3,-0.85,0,1,0,0,1,0,0,0,0,0,0,0,0,2026,5
177,365,10,0.85,0,1,0,0,1,0,0,0,0,0,0,0,0,2026,5
178,162,6,-1.0,0,1,0,0,1,0,0,0,0,0,0,0,0,2026,5
179,344,8,0.85,0,1,0,0,1,0,0,0,0,0,0,0,0,2026,5
180,367,0,-0.8,0,1,0,0,1,0,0,0,0,0,0,0,0,2026,4
181,208,0,-1.0,0,1,0,0,1,0,0,0,0,0,0,0,0,2026,4
182,267,8,1.0,0,1,0,0,1,0,0,0,0,0,0,0,0,2026,4
183,429,14,-0.9,0,1,0,0,1,0,0,0,0,0,0,0,0,2026,4
184,189,7,-0.5,0,1,0,0,1,0,0,0,0,0,0,0,0,2026,4
185,213,0,-0.5,0,1,0,0,1,0,0,0,0,0,0,0,0,2026,4
186,305,0,-1.0,0,1,0,0,1,0,0,0,0,0,0,0,0,2026,4
187,418,14,-0.8,0,1,0,0,1,0,0,0,0,0,0,0,0,2026,4
188,383,0,-0.85,0,1,0,0,1,0,0,0,0,0,0,0,0,2026,3
189,214,0,-0.85,0,1,0,0,1,0,0,0,0,0,0,0,0,2026,3
190,271,6,-1.0,0,1,0,0,1,0,0,0,0,0,0,0,0,2026,3
191,274,17,-0.85,0,1,0,0,1,0,0,0,0,0,0,0,0,2026,3
192,480,14,-0.85,0,1,0,0,1,0,0,0,0,0,0,0,0,2026,3
193,382,10,-0.85,0,1,0,0,1,0,0,0,0,0,0,0,0,2026,3
194,210,17,-0.5,0,1,0,0,1,0,0,0,0,0,0,0,0,2026,3
195,418,6,-0.5,0,1,0,0,1,0,0,0,0,0,0,0,0,2026,3
196,621,14,-1.0,0,1,0,0,1,0,0,0,0,0,0,0,0,2026,3
197,468,23,-0.8,0,1,0,0,1,0,0,0,0,0,0,0,0,2026,3
198,348,0,-0.8,0,1,0,0,1,0,0,0,0,0,0,0,0,2026,3
199,355,6,-1.0,0,1,0,0,1,0,0,0,0,0,0,0,0,2026,3
200,269,13,0.85,0,1,0,0,1,0,0,0,0,0,0,0,0,2026,2
201,475,0,1.0,0,1,0,0,1,0,0,0,0,0,0,0,0,2026,2
202,513,0,0.85,0,1,0,0,1,0,0,0,0,0,0,0,0,2026,7
203,189,0,-0.85,0,1,0,0,1,0,0,0,0,0,0,0,0,2026,7
204,625,7,0.85,0,1,0,0,1,0,0,0,0,0,0,0,0,2026,7
205,726,8,-1.0,0,1,0,0,1,0,0,0,0,0,0,0,0,2026,7
206,447,6,0.85,0,1,0,0,1,0,0,0,0,0,0,0,0,2026,7
207,517,0,-0.8,0,1,0,0,1,0,0,0,0,0,0,0,0,2026,7
208,512,0,-0.8,0,1,0,0,1,0,0,0,0,0,0,0,0,2026,7
209,577,8,-0.85,0,1,0,0,1,0,0,0,0,0,0,0,0,2026,7
210,482,3,-0.95,0,1,0,0,1,0,0,0,0,0,0,0,0,2026,7
211,634,0,0.8,0,1,0,0,1,0,0,0,0,0,0,0,0,2026,7
212,189,0,-0.85,0,1,0,0,1,0,0,0,0,0,0,0,0,2026,7
213,387,6,0.85,0,1,0,0,1,0,0,0,0,0,0,0,0,2026,7
214,738,5,-0.85,0,1,0,0,1,0,0,0,0,0,0,0,0,2026,7
215,516,10,-0.85,0,1,0,0,1,0,0,0,0,0,0,0,0,2026,7
216,584,7,0.85,0,1,0,0,1,0,0,0,0,0,0,0,0,2026,7
217,417,0,-0.85,0,1,0,0,1,0,0,0,0,0,0,0,0,2026,7
218,517,0,-1.0,0,1,0,0,1,0,0,0,0,0,0,0,0,2026,7
219,565,23,-1.0,0,1,0,0,1,0,0,0,0,0,0,0,0,2026,7
220,356,10,-1.0,0,1,0,0,1,0,0,0,0,0,0,0,0,2026,7
221,468,28,0.95,0,1,0,0,1,0,0,0,0,0,0,0,0,2026,7
222,759,10,0.85,0,1,0,0,1,0,0,0,0,0,0,0,0,2026,7
223,357,7,0.85,0,1,0,0,1,0,0,0,0,0,0,0,0,2026,7
224,451,6,0.8,0,1,0,0,1,0,0,0,0,0,0,0,0,2026,7
225,589,0,-0.8,0,1,0,0,1,0,0,0,0,0,0,0,0,2026,7
226,272,0,0.85,0,1,0,0,1,0,0,0,0,0,0,0,0,2026,7
227,972,20,0.85,0,1,0,0,1,0,0,0,0,0,0,0,0,2026,7
228,338,6,0.5,0,1,0,0,1,0,0,0,0,0,0,0,0,2026,7
229,505,17,-0.8,0,1,0,0,1,0,0,0,0,0,0,0,0,2026,7
230,618,5,0.85,0,1,0,0,1,0,0,0,0,0,0,0,0,2026,7
231,375,0,1.0,0,1,0,0,1,0,0,0,0,0,0,0,0,2026,7
232,468,16,0.85,0,1,0,0,1,0,0,0,0,0,0,0,0,2026,7
233,642,17,-1.0,0,1,0,0,1,0,0,0,0,0,0,0,0,2026,7
234,528,0,-1.0,0,1,0,0,1,0,0,0,0,0,0,0,0,2026,7
235,359,7,-0.85,0,1,0,0,1,0,0,0,0,0,0,0,0,2026,7
236,550,16,-0.85,0,1,0,0,1,0,0,0,0,0,0,0,0,2026,7
237,340,0,0.85,0,1,0,0,1,0,0,0,0,0,0,0,0,2026,7
238,548,0,0.8,0,1,0,0,1,0,0,0,0,0,0,0,0,2026,7
239,692,12,-0.85,0,1,0,0,1,0,0,0,0,0,0,0,0,2026,6
240,346,14,0.95,0,1,0,0,1,0,0,0,0,0,0,0,0,2026,6
241,475,0,-0.85,0,1,0,0,1,0,0,0,0,0,0,0,0,2026,6
242,277,0,-0.8,0,1,0,0,1,0,0,0,0,0,0,0,0,2026,7
243,243,0,0.85,0,1,0,0,1,0,0,0,0,0,0,0,0,2026,7
244,268,0,0.8,0,1,0,0,1,0,0,0,0,0,0,0,0,2026,7
245,234,0,0.85,0,1,0,0,1,0,0,0,0,0,0,0,0,2026,7
246,305,0,-0.85,0,1,0,0,1,0,0,0,0,0,0,0,0,2026,6
247,268,0,-0.8,0,1,0,0,1,0,0,0,0,0,0,0,0,2026,6
248,168,6,-0.5,0,1,0,0,1,0,0,0,0,0,0,0,0,2026,6
249,185,0,0.85,0,1,0,0,1,0,0,0,0,0,0,0,0,2026,6
250,211,0,0.85,0,1,0,0,1,0,0,0,0,0,0,0,0,2026,6
251,181,0,-0.85,0,1,0,0,1,0,0,0,0,0,0,0,0,2026,6
252,494,10,-0.85,0,1,0,0,1,0,0,0,0,0,0,0,0,2026,5
253,221,8,-0.85,0,1,0,0,1,0,0,0,0,0,0,0,0,2026,5
254,429,0,0.85,0,1,0,0,1,0,0,0,0,0,0,0,0,2026,5
255,405,0,-0.85,0,1,0,0,1,0,0,0,0,0,0,0,0,2026,5
256,303,0,-0.5,0,1,0,0,1,0,0,0,0,0,0,0,0,2026,5
257,318,0,-0.85,0,1,0,0,1,0,0,0,0,0,0,0,0,2026,5
258,434,0,-0.8,0,1,0,0,1,0,0,0,0,0,0,0,0,2026,5
259,389,0,-0.85,0,1,0,0,1,0,0,0,0,0,0,0,0,2026,5
260,275,6,-1.0,0,1,0,0,1,0,0,0,0,0,0,0,0,2026,5
261,246,0,-1.0,0,1,0,0,1,0,0,0,0,0,0,0,0,2026,5
262,292,0,-0.5,0,1,0,0,1,0,0,0,0,0,0,0,0,2026,5
263,245,0,-0.5,0,1,0,0,1,0,0,0,0,0,0,0,0,2026,5
264,300,0,-0.85,0,1,0,0,1,0,0,0,0,0,0,0,0,2026,5
265,363,8,0.85,0,1,0,0,1,0,0,0,0,0,0,0,0,2026,5
266,515,10,0.8,0,1,0,0,1,0,0,0,0,0,0,0,0,2026,4
267,223,0,0.5,0,1,0,0,1,0,0,0,0,0,0,0,0,2026,4
268,331,8,-1.0,0,1,0,0,1,0,0,0,0,0,0,0,0,2026,4
269,560,0,-0.8,0,1,0,0,1,0,0,0,0,0,0,0,0,2026,4
270,200,0,0.85,0,1,0,0,1,0,0,0,0,0,0,0,0,2026,4
271,291,0,-1.0,0,1,0,0,1,0,0,0,0,0,0,0,0,2026,4
272,468,8,0.85,0,1,0,0,1,0,0,0,0,0,0,0,0,2026,4
273,472,0,0.85,0,1,0,0,1,0,0,0,0,0,0,0,0,2026,4
274,279,0,-0.85,0,1,0,0,1,0,0,0,0,0,0,0,0,2026,4
275,372,0,-0.8,0,1,0,0,1,0,0,0,0,0,0,0,0,2026,4
276,296,0,-1.0,0,1,0,0,1,0,0,0,0,0,0,0,0,2026,4
277,278,0,0.8,0,1,0,0,1,0,0,0,0,0,0,0,0,2026,4
278,352,0,-0.85,0,1,0,0,1,0,0,0,0,0,0,0,0,2026,4
279,511,0,-0.85,0,1,0,0,1,0,0,0,0,0,0,0,0,2026,4
280,472,0,0.8,0,1,0,0,1,0,0,0,0,0,0,0,0,2026,4
281,538,0,-0.8,0,1,0,0,1,0,0,0,0,0,0,0,0,2026,4
282,391,0,-0.85,0,1,0,0,1,0,0,0,0,0,0,0,0,2026,7
283,311,0,-0.85,0,1,0,0,1,0,0,0,0,0,0,0,0,2026,6
284,232,0,-0.5,0,1,0,0,1,0,0,0,0,0,0,0,0,2026,6
285,470,0,-0.85,0,1,0,0,1,0,0,0,0,0,0,0,0,2026,6
286,306,0,0.85,0,1,0,0,1,0,0,0,0,0,0,0,0,2026,6
287,343,0,-0.8,0,1,0,0,1,0,0,0,0,0,0,0,0,2026,6
288,16,0,-1.0,0,1,0,0,1,0,0,0,0,0,0,0,0,2026,6
289,330,18,0.85,0,1,0,0,1,0,0,0,0,0,0,0,0,2026,6
290,178,0,0.85,0,1,0,0,1,0,0,0,0,0,0,0,0,2026,6
291,264,0,-0.85,0,1,0,0,1,0,0,0,0,0,0,0,0,2026,6
292,137,0,-0.5,0,1,0,0,1,0,0,0,0,0,0,0,0,2026,6
293,593,0,-0.5,0,1,0,0,1,0,0,0,0,0,0,0,0,2026,5
294,388,6,-0.85,0,1,0,0,1,0,0,0,0,0,0,0,0,2026,5
295,304,0,-0.8,0,1,0,0,1,0,0,0,0,0,0,0,0,2026,5
296,412,0,-0.85,0,1,0,0,1,0,0,0,0,0,0,0,0,2026,5
297,209,0,-0.8,0,1,0,0,1,0,0,0,0,0,0,0,0,2026,5
298,274,6,-0.8,0,1,0,0,1,0,0,0,0,0,0,0,0,2026,5
299,166,10,-1.0,0,1,0,0,1,0,0,0,0,0,0,0,0,2026,5
300,225,0,-0.85,0,1,0,0,1,0,0,0,0,0,0,0,0,2026,5
301,180,0,-1.0,0,1,0,0,1,0,0,0,0,0,0,0,0,2026,5
302,152,0,-1.0,0,1,0,0,1,0,0,0,0,0,0,0,0,2026,5
303,362,0,-0.8,0,1,0,0,1,0,0,0,0,0,0,0,0,2026,5
304,460,0,-0.7,0,1,0,0,1,0,0,0,0,0,0,0,0,2026,5
305,377,0,0.85,0,1,0,0,1,0,0,0,0,0,0,0,0,2026,5
306,323,8,-0.85,0,1,0,0,1,0,0,0,0,0,0,0,0,2026,5
307,404,0,-0.8,0,1,0,0,1,0,0,0,0,0,0,0,0,2026,7
308,206,6,0.85,0,1,0,0,1,0,0,0,0,0,0,0,0,2026,7
309,664,0,0.85,0,1,0,0,1,0,0,0,0,0,0,0,0,2026,7
310,376,0,-0.95,0,1,0,0,1,0,0,0,0,0,0,0,0,2026,7
311,339,0,-0.85,0,1,0,0,1,0,0,0,0,0,0,0,0,2026,7
312,618,0,0.85,0,1,0,0,1,0,0,0,0,0,0,0,0,2026,7
313,325,0,0.8,0,1,0,0,1,0,0,0,0,0,0,0,0,2026,7
314,401,6,-0.85,0,1,0,0,1,0,0,0,0,0,0,0,0,2026,7
315,627,19,-0.5,0,1,0,0,1,0,0,0,0,0,0,0,0,2026,7
316,230,0,-1.0,0,1,0,0,1,0,0,0,0,0,0,0,0,2026,7
317,256,6,-0.8,0,1,0,0,1,0,0,0,0,0,0,0,0,2026,7
318,654,10,-1.0,0,1,0,0,1,0,0,0,0,0,0,0,0,2026,6
319,251,0,0.85,0,1,0,0,1,0,0,0,0,0,0,0,0,2026,6
320,598,0,0.85,0,1,0,0,1,0,0,0,0,0,0,0,0,2026,6
321,124,0,-0.8,0,1,0,0,1,0,0,0,0,0,0,0,0,2026,6
322,652,6,-0.8,0,1,0,0,1,0,0,0,0,0,0,0,0,2026,6
323,335,0,0.8,0,1,0,0,0,0,0,0,1,0,0,0,0,2026,6
324,271,6,0.8,0,1,0,0,1,0,0,0,0,0,0,0,0,2026,6
325,32,0,0.85,0,1,0,0,1,0,0,0,0,0,0,0,0,2026,6
326,569,0,-0.8,0,1,0,0,1,0,0,0,0,0,0,0,0,2026,6
327,262,11,-0.9,0,1,0,0,1,0,0,0,0,0,0,0,0,2026,6
328,325,8,-0.85,0,1,0,0,1,0,0,0,0,0,0,0,0,2026,6
329,386,0,1.0,0,1,0,0,1,0,0,0,0,0,0,0,0,2026,6
330,662,14,-0.95,0,1,0,0,1,0,0,0,0,0,0,0,0,2026,6
331,662,8,0.8,0,1,0,0,1,0,0,0,0,0,0,0,0,2026,6
332,706,8,0.85,0,1,0,0,1,0,0,0,0,0,0,0,0,2026,6
333,637,8,0.85,0,1,0,0,1,0,0,0,0,0,0,0,0,2026,6
334,382,9,-0.85,0,1,0,0,1,0,0,0,0,0,0,0,0,2026,6
335,390,0,-0.8,0,1,0,0,1,0,0,0,0,0,0,0,0,2026,6
336,16,0,1.0,0,1,0,0,1,0,0,0,0,0,0,0,0,2026,6
337,375,0,-0.8,0,1,0,0,1,0,0,0,0,0,0,0,0,2026,6
338,609,8,0.85,0,1,0,0,1,0,0,0,0,0,0,0,0,2026,6
339,791,22,-0.85,0,1,0,0,1,0,0,0,0,0,0,0,0,2026,6
340,129,8,-0.5,0,1,0,0,1,0,0,0,0,0,0,0,0,2026,6
341,364,24,-1.0,0,1,0,0,1,0,0,0,0,0,0,0,0,2026,6
342,655,0,-0.85,0,1,0,0,1,0,0,0,0,0,0,0,0,2026,5
343,670,0,-1.0,0,1,0,0,1,0,0,0,0,0,0,0,0,2026,5
344,669,0,0.85,0,1,0,0,1,0,0,0,0,0,0,0,0,2026,5
345,708,4,0.85,0,1,0,0,1,0,0,0,0,0,0,0,0,2026,5
346,376,6,-0.85,0,1,0,0,1,0,0,0,0,0,0,0,0,2026,5
347,43,0,-0.8,0,0,1,0,0,0,0,0,1,0,0,0,0,2026,7
348,41,0,0.85,0,0,1,0,0,0,0,0,1,0,0,0,0,2026,7
349,24,0,-0.8,0,0,1,0,0,0,0,0,1,0,0,0,0,2026,7
350,31,0,-0.8,0,0,1,0,0,0,0,0,1,0,0,0,0,2026,7
351,44,10,-0.85,0,0,1,0,0,0,0,0,1,0,0,0,0,2026,7
352,34,6,-0.85,0,0,1,0,0,0,0,0,1,0,0,0,0,2026,7
353,48,0,0.85,0,0,1,0,0,0,0,0,1,0,0,0,0,2026,7
354,39,13,0.5,0,0,1,0,0,0,0,0,1,0,0,0,0,2026,7
355,25,0,0.5,0,0,1,0,0,0,0,0,0,1,0,0,0,2026,7
356,39,0,0.8,0,0,1,0,0,0,0,0,0,1,0,0,0,2026,7
357,45,0,-0.5,0,0,1,0,0,0,0,0,0,1,0,0,0,2026,7
358,55,5,0.5,0,0,1,0,0,0,0,0,0,1,0,0,0,2026,7
359,62,0,-1.0,0,0,1,0,0,0,0,0,0,1,0,0,0,2026,7
360,70,0,-0.8,0,0,1,0,0,0,0,0,0,1,0,0,0,2026,7
361,23,0,0.85,0,0,1,0,0,0,0,0,1,0,0,0,0,2026,7
362,28,0,0.85,0,0,1,0,0,0,0,0,1,0,0,0,0,2026,7
363,194,0,0.92,0,0,1,0,0,0,0,0,1,0,0,0,0,2026,7
364,157,0,-0.3,0,0,1,0,0,0,0,0,1,0,0,0,0,2026,7
365,200,0,0.85,0,0,1,0,0,0,0,0,1,0,0,0,0,2026,7
366,236,17,-0.85,0,0,1,0,0,0,0,0,1,0,0,0,0,2026,7
367,169,0,-0.5,0,0,1,0,0,0,0,0,1,0,0,0,0,2026,7
368,300,10,-1.0,0,0,1,0,0,0,0,0,1,0,0,0,0,2026,7
369,126,0,0.8,0,0,1,0,0,0,0,0,1,0,0,0,0,2026,7
370,251,0,0.8,0,0,1,0,0,0,0,0,1,0,0,0,0,2026,7
371,158,0,-0.8,0,0,1,0,0,0,0,0,1,0,0,0,0,2026,7
372,238,3,0.85,0,0,1,0,0,0,0,0,1,0,0,0,0,2026,7
373,177,0,0.85,0,0,1,0,0,0,0,0,1,0,0,0,0,2026,7
374,238,15,-0.85,0,0,1,0,0,0,0,0,1,0,0,0,0,2026,7
375,229,5,-0.8,0,0,1,0,0,0,0,0,1,0,0,0,0,2026,7
376,199,5,0.85,0,0,1,0,0,0,0,0,1,0,0,0,0,2026,7
377,282,7,0.89,0,0,1,0,0,0,0,0,1,0,0,0,0,2026,7
378,150,0,-0.6,0,0,1,0,0,0,0,0,1,0,0,0,0,2026,7
379,141,10,-0.5,0,0,1,0,0,0,0,0,1,0,0,0,0,2026,7
380,49,0,-0.5,0,0,1,0,0,0,0,0,1,0,0,0,0,2026,7
381,206,23,0.85,0,0,1,0,0,0,0,0,1,0,0,0,0,2026,7
382,30,0,0.5,0,0,1,0,0,0,0,0,1,0,0,0,0,2026,7
383,217,10,0.8,0,0,1,0,0,0,0,0,1,0,0,0,0,2026,7
384,33,0,-0.5,0,0,1,0,0,0,0,0,1,0,0,0,0,2026,7
385,48,0,-0.5,0,0,1,0,0,0,0,0,1,0,0,0,0,2026,7
386,38,5,0.5,0,0,1,0,0,0,0,0,1,0,0,0,0,2026,7
387,425,0,-0.5,0,0,1,0,0,0,0,0,1,0,0,0,0,2026,7
388,61,0,-0.8,0,0,1,0,0,0,0,1,0,0,0,0,0,2026,7
389,295,0,-0.85,0,0,1,0,0,0,0,0,1,0,0,0,0,2026,7
390,44,0,0.5,0,0,1,0,0,0,0,0,1,0,0,0,0,2026,7
391,42,8,0.85,0,0,1,0,0,0,0,0,1,0,0,0,0,2026,7
392,40,5,0.5,0,0,1,0,0,0,0,0,1,0,0,0,0,2026,7
393,201,0,0.85,0,0,1,0,0,0,0,0,1,0,0,0,0,2026,7
394,269,10,0.8,0,0,1,0,0,0,0,0,1,0,0,0,0,2026,7
395,289,3,0.8,0,0,1,0,0,0,0,0,1,0,0,0,0,2026,7
396,190,0,-0.85,0,0,1,0,0,0,0,0,1,0,0,0,0,2026,7
397,123,0,0.85,0,0,1,0,0,0,0,0,1,0,0,0,0,2026,7
398,394,25,0.8,0,0,1,0,0,0,0,0,1,0,0,0,0,2026,7
399,308,20,-0.85,0,0,1,0,0,0,0,0,1,0,0,0,0,2026,7
400,174,0,0.8,0,0,1,0,0,0,0,0,1,0,0,0,0,2026,7
401,150,0,0.85,0,0,1,0,0,0,0,0,1,0,0,0,0,2026,7
402,162,10,-0.85,0,0,1,0,0,0,0,0,1,0,0,0,0,2026,7
403,220,0,0.85,0,0,1,0,0,0,0,0,1,0,0,0,0,2026,7
404,187,15,0.85,0,0,1,0,0,0,0,0,1,0,0,0,0,2026,7
405,156,13,0.85,0,0,1,0,0,0,0,0,1,0,0,0,0,2026,7
406,218,18,-0.85,0,0,1,0,0,0,0,0,1,0,0,0,0,2026,7
407,49,0,-0.5,0,0,1,0,0,0,0,0,1,0,0,0,0,2026,7
408,21,0,-1.0,0,0,1,0,0,0,0,0,1,0,0,0,0,2026,7
409,34,0,0.85,0,0,1,0,0,0,0,0,1,0,0,0,0,2026,7
410,38,0,0.85,0,0,1,0,0,0,0,0,1,0,0,0,0,2026,7
411,54,0,0.85,0,0,1,0,0,0,0,1,0,0,0,0,0,2026,7
412,42,0,-0.8,0,0,1,0,0,0,0,0,1,0,0,0,0,2026,7
413,31,5,0.5,0,0,1,0,0,0,0,0,1,0,0,0,0,2026,7
414,39,13,0.8,0,0,1,0,0,0,0,0,1,0,0,0,0,2026,7
415,41,13,0.5,0,0,1,0,0,0,0,0,1,0,0,0,0,2026,7
416,195,0,0.95,0,0,1,0,0,0,0,0,1,0,0,0,0,2026,7
417,210,0,0.85,0,0,1,0,0,0,0,0,1,0,0,0,0,2026,7
418,174,0,0.5,0,0,1,0,0,0,0,0,1,0,0,0,0,2026,7
419,204,0,-0.85,0,0,1,0,0,0,0,0,1,0,0,0,0,2026,7
420,312,0,0.85,0,0,1,0,0,0,0,0,1,0,0,0,0,2026,7
421,241,0,0.8,0,0,1,0,0,0,0,0,1,0,0,0,0,2026,7
422,416,0,0.85,0,0,1,0,0,0,0,0,1,0,0,0,0,2026,7
423,115,0,-0.6,0,0,1,0,0,0,0,0,1,0,0,0,0,2026,7
424,291,13,-0.85,0,0,1,0,0,0,0,0,1,0,0,0,0,2026,7
425,141,0,0.85,0,0,1,0,0,0,0,0,1,0,0,0,0,2026,7
426,252,0,-0.85,0,0,1,0,0,0,0,0,1,0,0,0,0,2026,7
427,151,0,-1.0,0,0,1,0,0,0,0,0,1,0,0,0,0,2026,7
428,222,9,0.85,0,0,1,0,0,0,0,0,1,0,0,0,0,2026,7
429,32,0,-0.5,0,0,1,0,0,0,0,0,1,0,0,0,0,2026,7
430,225,6,0.85,0,0,1,0,0,0,0,0,1,0,0,0,0,2026,7
431,216,0,-0.85,0,0,1,0,0,0,0,0,1,0,0,0,0,2026,7
432,30,8,0.85,0,0,1,0,0,0,0,0,1,0,0,0,0,2026,7
433,27,5,-0.85,0,0,1,0,0,0,0,0,1,0,0,0,0,2026,7
434,149,0,0.8,0,0,1,0,0,0,0,0,1,0,0,0,0,2026,7
435,37,16,1.0,0,0,1,0,0,0,0,0,1,0,0,0,0,2026,7
436,33,0,0.85,0,0,1,0,0,0,0,0,1,0,0,0,0,2026,7
437,29,10,-0.5,0,0,1,0,0,0,0,0,1,0,0,0,0,2026,7
438,395,19,-0.85,0,0,1,0,0,0,0,1,0,0,0,0,0,2026,7
439,414,6,0.85,0,0,1,0,0,0,0,1,0,0,0,0,0,2026,7
440,55,0,-0.8,0,0,1,0,0,0,0,1,0,0,0,0,0,2026,7
441,35,0,-1.0,0,0,1,0,0,0,0,1,0,0,0,0,0,2026,7
442,436,16,0.85,0,0,1,0,0,0,0,1,0,0,0,0,0,2026,7
443,268,10,0.85,0,0,1,0,0,0,0,1,0,0,0,0,0,2026,7
444,36,0,-0.8,0,0,1,0,0,0,0,1,0,0,0,0,0,2026,7
445,45,3,0.85,0,0,1,0,0,0,0,1,0,0,0,0,0,2026,7
446,287,17,0.85,0,0,1,0,0,0,0,1,0,0,0,0,0,2026,7
447,50,0,0.85,0,0,1,0,0,0,0,1,0,0,0,0,0,2026,7
448,346,19,-0.9,0,0,1,0,0,0,0,1,0,0,0,0,0,2026,7
449,62,0,0.85,0,0,1,0,0,0,0,1,0,0,0,0,0,2026,6
450,38,0,0.85,0,0,1,0,0,0,0,1,0,0,0,0,0,2026,6
451,48,0,-0.9,0,0,1,0,0,0,0,1,0,0,0,0,0,2026,6
452,260,0,0.85,0,0,1,0,0,0,0,1,0,0,0,0,0,2026,6
453,49,0,0.85,0,0,1,0,0,0,0,1,0,0,0,0,0,2026,6
454,423,22,0.8,0,0,1,0,0,0,0,1,0,0,0,0,0,2026,6
455,399,15,0.95,0,0,1,0,0,0,0,1,0,0,0,0,0,2026,6
456,52,0,-0.8,0,0,1,0,0,0,0,1,0,0,0,0,0,2026,6
457,428,23,-1.0,0,0,1,0,0,0,0,1,0,0,0,0,0,2026,6
458,126,0,0.85,0,0,1,0,0,0,0,1,0,0,0,0,0,2026,6
459,27,0,0.8,0,0,1,0,0,0,0,1,0,0,0,0,0,2026,6
460,303,18,-1.0,0,0,1,0,0,0,0,1,0,0,0,0,0,2026,6
461,169,0,-0.95,0,0,1,0,0,0,0,0,0,1,0,0,0,2026,6
462,354,18,-0.85,0,0,1,0,0,0,0,1,0,0,0,0,0,2026,6
463,250,14,-0.95,0,0,1,0,0,0,0,1,0,0,0,0,0,2026,6
464,457,8,0.95,0,0,1,0,0,0,0,1,0,0,0,0,0,2026,6
465,764,38,-0.98,0,0,1,0,0,0,0,1,0,0,0,0,0,2026,6
466,329,20,-0.8,0,0,1,0,0,0,0,1,0,0,0,0,0,2026,6
467,367,18,0.85,0,0,1,0,0,0,0,1,0,0,0,0,0,2026,6
468,176,0,0.5,0,0,1,0,0,0,0,0,1,0,0,0,0,2026,6
469,328,23,-0.8,0,0,1,0,0,0,0,1,0,0,0,0,0,2026,6
470,514,26,0.85,0,0,1,0,0,0,0,1,0,0,0,0,0,2026,6
471,276,13,0.8,0,0,1,0,0,0,0,1,0,0,0,0,0,2026,6
472,198,18,0.85,0,0,1,0,0,0,0,1,0,0,0,0,0,2026,6
473,419,17,0.85,0,0,1,0,0,0,0,1,0,0,0,0,0,2026,6
474,48,0,-0.85,0,0,1,0,0,0,0,1,0,0,0,0,0,2026,6
475,72,0,-0.8,0,0,1,0,0,0,0,1,0,0,0,0,0,2026,6
476,325,6,0.85,0,0,1,0,0,0,0,1,0,0,0,0,0,2026,6
477,326,0,-0.85,0,0,1,0,0,0,0,1,0,0,0,0,0,2026,6
478,313,26,0.95,0,0,1,0,0,0,0,1,0,0,0,0,0,2026,6
479,225,44,0.8,0,0,1,0,0,0,0,1,0,0,0,0,0,2026,6
480,325,16,-0.5,0,0,1,0,0,0,0,1,0,0,0,0,0,2026,6
481,433,29,0.85,0,0,1,0,0,0,0,1,0,0,0,0,0,2026,6
482,554,0,0.8,0,0,1,0,0,0,0,0,0,1,0,0,0,2026,6
483,431,0,0.85,0,0,1,0,0,0,0,1,0,0,0,0,0,2026,6
484,437,10,-0.5,0,0,1,0,0,0,0,1,0,0,0,0,0,2026,6
485,385,10,-0.85,0,0,1,0,0,0,0,1,0,0,0,0,0,2026,3
486,376,10,-0.85,0,0,1,0,0,0,0,1,0,0,0,0,0,2026,3
487,233,0,0.85,0,0,1,0,0,0,0,1,0,0,0,0,0,2026,3
488,585,19,-0.85,0,0,1,0,1,0,0,0,0,0,0,0,0,2026,3
489,384,7,-0.85,0,0,1,0,0,0,0,1,0,0,0,0,0,2026,3
490,410,20,-1.0,0,0,1,0,0,0,0,1,0,0,0,0,0,2026,3
491,295,6,0.85,0,0,1,0,0,0,0,1,0,0,0,0,0,2026,3
492,225,10,0.85,0,0,1,0,0,0,0,1,0,0,0,0,0,2026,3
493,263,7,-0.8,0,0,1,0,0,0,0,1,0,0,0,0,0,2026,3
494,279,10,-0.5,0,0,1,0,0,0,0,1,0,0,0,0,0,2026,3
495,357,7,0.95,0,0,1,0,0,0,0,1,0,0,0,0,0,2026,3
496,268,23,-0.8,0,0,1,0,0,0,0,1,0,0,0,0,0,2026,3
497,256,0,0.8,0,0,1,0,0,0,0,1,0,0,0,0,0,2026,3
498,239,18,0.95,0,0,1,0,0,0,0,1,0,0,0,0,0,2026,3
499,560,26,-0.8,0,0,1,0,0,0,0,1,0,0,0,0,0,2026,3
500,784,30,-0.85,0,0,1,0,0,0,0,1,0,0,0,0,0,2026,3
501,293,16,0.9,0,0,1,0,0,0,0,1,0,0,0,0,0,2026,3
502,287,10,0.85,0,0,1,0,0,0,0,1,0,0,0,0,0,2026,3
503,509,29,-0.85,0,0,1,0,0,0,0,1,0,0,0,0,0,2026,3
504,265,28,-0.95,0,0,1,0,0,0,0,1,0,0,0,0,0,2026,3
505,207,0,0.85,0,0,1,0,0,0,0,1,0,0,0,0,0,2026,3
506,167,10,-0.85,0,0,1,0,0,0,0,1,0,0,0,0,0,2026,3
507,247,6,0.85,0,0,1,0,0,0,0,1,0,0,0,0,0,2026,3
508,265,0,0.85,0,0,1,0,0,0,0,1,0,0,0,0,0,2026,3
509,372,23,-0.85,0,0,1,0,0,0,0,1,0,0,0,0,0,2026,3
510,415,6,-0.8,0,0,1,0,0,0,0,1,0,0,0,0,0,2026,3
511,736,0,0.85,0,0,1,0,0,0,0,1,0,0,0,0,0,2026,3
512,526,17,-1.0,0,0,1,0,0,0,0,1,0,0,0,0,0,2026,3
513,296,22,-0.85,0,0,1,0,0,0,0,1,0,0,0,0,0,2026,3
514,290,21,-0.8,0,0,1,0,0,0,0,1,0,0,0,0,0,2026,3
515,151,0,0.5,0,0,1,0,0,0,0,1,0,0,0,0,0,2026,3
516,201,0,-0.5,0,0,1,0,0,0,0,1,0,0,0,0,0,2026,3
517,308,3,0.8,0,0,1,0,0,0,0,1,0,0,0,0,0,2026,3
518,507,0,-0.92,0,0,1,0,0,0,0,1,0,0,0,0,0,2026,3
519,261,13,-0.85,0,0,1,0,0,0,0,1,0,0,0,0,0,2026,3
520,360,30,0.85,0,0,1,0,0,0,0,1,0,0,0,0,0,2026,3
521,380,20,0.85,0,0,1,0,0,0,0,1,0,0,0,0,0,2026,3
522,291,19,-0.85,0,0,1,0,0,0,0,1,0,0,0,0,0,2026,3
523,462,28,0.8,0,0,1,0,0,0,0,1,0,0,0,0,0,2026,3
524,267,10,0.85,0,0,1,0,0,0,0,1,0,0,0,0,0,2026,3
525,335,0,0.85,0,0,1,0,0,0,0,1,0,0,0,0,0,2026,3
526,239,5,0.85,0,0,1,0,0,0,0,1,0,0,0,0,0,2026,3
527,374,10,-1.0,0,0,1,0,0,0,0,1,0,0,0,0,0,2026,3
528,129,0,-0.8,0,0,1,0,0,0,0,1,0,0,0,0,0,2026,3
529,243,0,0.8,0,0,1,0,0,0,0,1,0,0,0,0,0,2026,3
530,221,20,-1.0,0,0,1,0,0,0,0,1,0,0,0,0,0,2026,3
531,443,15,-0.85,0,0,1,0,0,0,0,1,0,0,0,0,0,2026,3
532,449,10,-0.85,0,0,1,0,0,0,0,1,0,0,0,0,0,2026,2
533,126,10,0.85,0,0,1,0,0,0,0,1,0,0,0,0,0,2026,2
534,237,18,0.85,0,0,1,0,0,0,0,1,0,0,0,0,0,2026,2
535,361,0,-1.0,0,0,1,0,0,0,0,0,0,1,0,0,0,2026,7
536,332,0,-0.85,0,0,1,0,0,0,0,0,0,1,0,0,0,2026,7
537,366,0,0.85,0,0,1,0,0,0,0,0,0,1,0,0,0,2026,6
538,290,8,0.85,0,0,1,0,0,0,0,0,0,1,0,0,0,2026,6
539,25,0,0.85,0,0,1,0,0,0,0,0,0,0,0,0,1,2026,6
540,382,10,-0.85,0,0,1,0,0,0,0,0,0,0,0,0,1,2026,6
541,304,13,-0.85,0,0,1,0,0,0,0,0,0,1,0,0,0,2026,6
542,294,0,0.8,0,0,1,0,0,0,0,0,0,1,0,0,0,2026,6
543,313,0,-1.0,0,0,1,0,0,0,0,0,0,1,0,0,0,2026,6
544,245,0,0.85,0,0,1,0,0,0,0,0,0,1,0,0,0,2026,6
545,221,0,-0.5,0,0,1,0,0,0,0,0,1,0,0,0,0,2026,6
546,283,3,0.85,0,0,1,0,0,0,0,0,0,1,0,0,0,2026,6
547,247,0,0.85,0,0,1,0,0,0,0,0,1,0,0,0,0,2026,6
548,481,9,-0.85,0,0,1,0,0,0,0,0,0,1,0,0,0,2026,6
549,346,28,0.85,0,0,1,0,0,0,0,0,0,1,0,0,0,2026,6
550,279,0,-0.5,0,0,1,0,0,0,0,0,1,0,0,0,0,2026,6
551,944,5,1.0,0,0,1,0,0,0,0,0,0,0,0,0,1,2026,6
552,282,0,0.85,0,0,1,0,0,0,0,0,1,0,0,0,0,2026,5
553,70,0,0.5,0,0,1,0,0,0,0,0,1,0,0,0,0,2026,5
554,237,5,-0.85,0,0,1,0,0,0,0,0,0,0,0,1,0,2026,5
555,47,0,0.8,0,0,1,0,0,0,0,0,0,0,0,0,1,2026,5
556,353,0,-0.8,0,0,1,0,0,0,0,0,0,1,0,0,0,2026,5
557,365,0,0.95,0,0,1,0,0,0,0,0,1,0,0,0,0,2026,5
558,426,0,0.85,0,0,1,0,0,0,0,0,0,1,0,0,0,2026,5
559,24,0,0.85,0,0,1,0,0,0,0,0,0,0,0,0,1,2026,5
560,219,0,-0.8,0,0,1,0,0,0,0,0,0,1,0,0,0,2026,5
561,237,0,0.85,0,0,1,0,0,0,0,0,1,0,0,0,0,2026,5
562,253,13,-0.8,0,0,1,0,0,0,0,1,0,0,0,0,0,2026,5
563,261,14,0.85,0,0,1,0,0,0,0,0,0,1,0,0,0,2026,5
564,306,14,-0.8,0,0,1,0,0,0,0,0,0,1,0,0,0,2026,5
565,206,0,-1.0,0,0,1,0,0,0,0,0,0,1,0,0,0,2026,5
566,587,5,0.85,0,0,1,0,0,0,0,0,1,0,0,0,0,2026,5
567,184,16,0.8,0,0,1,0,0,0,0,0,0,1,0,0,0,2026,5
568,198,0,0.95,0,0,1,0,0,0,0,0,0,1,0,0,0,2026,5
569,1873,0,-1.0,0,0,1,0,0,0,0,0,1,0,0,0,0,2026,5
570,343,4,-0.5,0,0,1,0,0,0,0,0,0,0,0,1,0,2026,5
571,155,5,-0.85,0,0,1,0,0,0,0,0,0,0,0,0,1,2026,5
572,184,11,0.8,0,0,1,0,0,0,0,0,0,1,0,0,0,2026,5
573,118,0,0.85,0,0,1,0,0,0,0,0,0,1,0,0,0,2026,5
574,135,3,0.8,0,0,1,0,0,0,0,0,0,1,0,0,0,2026,5
575,297,0,0.85,0,0,1,0,0,0,0,0,1,0,0,0,0,2026,5
576,155,0,0.5,0,0,1,0,0,0,0,0,0,1,0,0,0,2026,4
577,194,6,-0.5,0,0,1,0,0,0,0,0,0,1,0,0,0,2026,4
578,184,0,-1.0,0,0,1,0,1,0,0,0,0,0,0,0,0,2026,4
579,223,0,-0.5,0,0,1,0,0,0,0,0,0,1,0,0,0,2026,4
580,449,0,0.85,0,0,1,0,0,0,0,0,0,1,0,0,0,2026,4
581,222,0,-0.5,0,0,1,0,0,0,0,0,0,1,0,0,0,2026,4
582,36,3,0.85,0,0,1,0,0,0,0,0,0,0,0,0,1,2026,4
583,34,0,0.5,0,0,1,0,0,0,0,0,0,0,0,0,1,2026,4
584,399,0,0.85,0,0,1,0,0,0,0,0,0,1,0,0,0,2026,4
585,19,0,0.5,0,0,1,0,0,0,0,0,1,0,0,0,0,2026,1
586,568,3,0.85,0,0,1,0,0,0,0,0,0,1,0,0,0,2026,1
587,46,0,-0.8,0,0,1,0,0,0,0,0,0,0,0,0,1,2025,12
588,281,0,0.85,0,0,1,0,0,0,0,0,0,1,0,0,0,2025,12
589,252,10,-0.85,0,0,1,0,0,0,0,0,0,0,0,0,1,2025,12
590,54,0,0.85,0,0,1,0,0,0,0,0,0,1,0,0,0,2025,12
591,275,10,-0.6,0,0,1,0,0,0,0,0,0,1,0,0,0,2025,12
592,292,10,-1.0,0,0,1,0,0,0,0,0,0,1,0,0,0,2025,12
593,30,0,-1.0,0,0,1,0,0,0,0,0,0,0,0,0,1,2025,12
594,193,0,-1.0,0,0,1,0,0,0,0,0,0,1,0,0,0,2025,12
595,325,0,-0.8,0,0,1,0,0,0,0,0,0,0,0,0,1,2025,12
596,254,0,0.85,0,0,1,0,0,0,0,0,0,0,0,0,1,2025,12
597,252,20,0.85,0,0,1,0,0,0,0,0,0,0,0,0,1,2025,12
598,153,0,0.5,0,0,1,0,0,0,0,0,1,0,0,0,0,2025,11
599,306,0,0.85,0,0,1,0,0,0,0,0,0,1,0,0,0,2025,11
600,159,0,0.85,0,0,1,0,0,0,0,0,0,1,0,0,0,2025,11
601,36,0,0.85,0,0,1,0,0,0,0,0,1,0,0,0,0,2025,11
602,301,14,0.85,0,0,1,0,0,0,1,0,0,0,0,0,0,2025,11
603,215,5,0.85,0,0,1,0,0,0,0,0,0,0,0,1,0,2025,11
604,318,4,0.85,0,0,1,0,0,0,0,0,0,0,0,1,0,2025,11
605,346,13,0.85,0,0,1,0,0,0,0,0,0,1,0,0,0,2025,11
606,363,0,0.95,0,0,1,0,0,0,0,0,0,1,0,0,0,2025,11
607,251,0,0.85,0,0,1,0,0,0,0,1,0,0,0,0,0,2025,11
608,47,0,0.5,0,0,1,0,0,0,0,0,1,0,0,0,0,2025,11
609,264,3,0.85,0,0,1,0,0,0,0,0,0,1,0,0,0,2025,11
610,341,13,1.0,0,0,1,0,0,0,0,0,0,1,0,0,0,2025,11
611,367,0,-0.85,0,0,1,0,0,0,0,0,0,1,0,0,0,2025,11
612,333,10,-0.8,0,0,1,0,0,0,0,0,0,1,0,0,0,2025,11
613,378,10,0.85,0,0,1,0,0,0,0,0,0,1,0,0,0,2025,11
614,253,9,-0.8,0,0,1,0,0,0,0,0,0,1,0,0,0,2025,10
615,31,0,0.85,0,0,1,0,0,0,0,0,0,0,0,0,1,2025,10
616,24,0,0.8,0,0,1,0,0,0,0,0,0,0,0,0,1,2025,10
617,272,0,0.85,0,0,1,0,0,0,0,0,0,1,0,0,0,2025,10
618,679,0,0.85,0,0,1,0,0,0,0,0,0,0,0,0,1,2025,10
619,316,0,0.95,0,0,1,0,0,0,0,0,0,1,0,0,0,2025,10
620,328,16,0.85,0,0,1,0,0,0,0,0,0,1,0,0,0,2025,10
621,350,0,0.85,0,0,1,0,0,0,0,0,0,1,0,0,0,2025,10
622,395,0,-0.8,0,0,1,0,0,0,0,0,0,0,0,0,1,2026,2
623,408,28,0.85,0,0,1,0,0,0,0,0,0,1,0,0,0,2025,10
624,304,0,0.85,0,0,1,0,0,0,0,0,0,1,0,0,0,2025,10
625,312,3,0.85,0,0,1,0,0,0,0,0,0,0,0,0,1,2025,10
626,194,0,-1.0,0,0,1,0,0,0,0,0,0,1,0,0,0,2025,10
627,338,0,-0.5,0,0,1,0,0,0,0,0,0,0,0,0,1,2025,10
628,228,5,-0.85,0,0,1,0,0,0,0,0,0,1,0,0,0,2025,9
629,361,0,0.85,0,0,1,0,0,0,0,0,0,1,0,0,0,2025,9
630,170,0,0.85,0,0,1,0,0,0,0,0,0,1,0,0,0,2025,9
631,291,0,-1.0,0,0,1,0,0,0,0,0,0,1,0,0,0,2025,9
632,156,0,0.85,0,0,1,0,0,0,0,0,0,1,0,0,0,2025,9
633,128,0,-0.8,0,0,1,0,0,0,0,0,0,1,0,0,0,2025,9
634,22,0,0.8,0,0,1,0,0,0,0,0,0,0,0,0,1,2025,9
635,141,5,0.8,0,0,1,0,0,1,0,0,0,0,0,0,0,2026,7
636,306,0,0.85,0,0,1,0,0,1,0,0,0,0,0,0,0,2026,7
637,415,10,0.85,0,0,1,0,0,0,0,0,1,0,0,0,0,2026,6
638,533,0,0.85,0,0,1,0,0,1,0,0,0,0,0,0,0,2026,6
639,643,3,-0.85,0,0,1,0,0,1,0,0,0,0,0,0,0,2026,5
640,272,10,0.85,0,0,1,0,0,1,0,0,0,0,0,0,0,2026,5
641,217,0,0.8,0,0,1,0,0,0,0,0,1,0,0,0,0,2026,5
642,274,0,0.85,0,0,1,0,0,0,0,0,1,0,0,0,0,2026,4
643,200,0,-0.5,0,0,1,0,0,0,0,0,1,0,0,0,0,2026,4
644,204,0,0.85,0,0,1,0,0,1,0,0,0,0,0,0,0,2026,3
645,218,10,0.8,0,0,1,0,0,0,0,0,1,0,0,0,0,2026,3
646,276,3,0.85,0,0,1,0,0,1,0,0,0,0,0,0,0,2026,3
647,194,10,-1.0,0,0,1,0,0,1,0,0,0,0,0,0,0,2026,3
648,351,0,0.85,0,0,1,0,0,1,0,0,0,0,0,0,0,2026,3
649,231,0,0.85,0,0,1,0,0,0,0,0,1,0,0,0,0,2026,3
650,262,0,-0.5,0,0,1,0,0,1,0,0,0,0,0,0,0,2026,3
651,266,0,0.8,0,0,1,0,0,1,0,0,0,0,0,0,0,2026,3
652,248,0,-0.85,0,0,1,0,0,1,0,0,0,0,0,0,0,2026,3
653,403,0,-0.95,0,0,1,0,0,1,0,0,0,0,0,0,0,2026,2
654,311,0,0.85,0,0,1,0,0,1,0,0,0,0,0,0,0,2026,2
655,65,0,0.5,0,0,1,0,0,0,0,0,0,1,0,0,0,2026,2
656,186,7,-0.85,0,0,1,0,0,0,0,0,1,0,0,0,0,2026,2
657,230,10,0.85,0,0,1,0,0,0,0,0,1,0,0,0,0,2026,2
658,547,0,1.0,0,0,1,0,0,0,0,0,1,0,0,0,0,2026,1
659,322,0,0.8,0,0,1,0,0,1,0,0,0,0,0,0,0,2026,1
660,384,0,0.85,0,0,1,0,0,1,0,0,0,0,0,0,0,2026,1
661,553,0,-1.0,0,0,1,0,0,1,0,0,0,0,0,0,0,2025,12
662,304,0,-0.8,0,0,1,0,0,1,0,0,0,0,0,0,0,2025,12
663,326,10,0.85,0,0,1,0,0,1,0,0,0,0,0,0,0,2025,12
664,229,0,0.8,0,0,1,0,0,1,0,0,0,0,0,0,0,2025,12
665,289,9,-0.8,0,0,1,0,0,1,0,0,0,0,0,0,0,2025,11
666,190,0,-1.0,0,0,1,0,0,0,0,0,1,0,0,0,0,2025,10
667,166,3,-0.8,0,0,1,0,0,0,0,0,1,0,0,0,0,2025,9
668,283,0,0.85,0,0,1,0,0,1,0,0,0,0,0,0,0,2025,9
669,163,0,0.85,0,0,1,0,0,0,0,0,1,0,0,0,0,2025,9
670,350,7,-0.8,0,0,1,0,0,1,0,0,0,0,0,0,0,2025,9
671,238,5,0.85,0,0,1,0,0,1,0,0,0,0,0,0,0,2025,8
672,443,0,-0.85,0,0,1,0,0,0,0,0,1,0,0,0,0,2025,8
673,345,0,1.0,0,0,1,0,0,1,0,0,0,0,0,0,0,2025,8
674,417,0,0.85,0,0,1,0,0,0,0,0,1,0,0,0,0,2025,8
675,273,0,0.85,0,0,1,0,0,1,0,0,0,0,0,0,0,2025,8
676,310,0,0.85,0,0,1,0,0,1,0,0,0,0,0,0,0,2025,8
677,155,0,0.85,0,0,1,0,0,1,0,0,0,0,0,0,0,2025,8
678,237,10,0.85,0,0,1,0,0,1,0,0,0,0,0,0,0,2025,8
679,201,0,0.85,0,0,1,0,0,1,0,0,0,0,0,0,0,2025,7
680,446,15,0.85,0,0,1,0,0,1,0,0,0,0,0,0,0,2025,7
681,489,10,-1.0,0,0,1,0,0,1,0,0,0,0,0,0,0,2025,6
682,302,10,-1.0,0,0,1,0,0,1,0,0,0,0,0,0,0,2025,6
683,234,0,-0.85,0,0,1,0,0,1,0,0,0,0,0,0,0,2025,6
684,302,3,-0.85,0,0,1,0,0,1,0,0,0,0,0,0,0,2025,5
685,139,0,0.5,0,0,1,0,0,0,0,0,1,0,0,0,0,2024,6
686,212,0,0.85,0,0,1,0,0,1,0,0,0,0,0,0,0,2024,6
687,210,0,1.0,0,0,1,0,0,1,0,0,0,0,0,0,0,2024,6
688,339,0,-0.85,0,0,1,0,0,1,0,0,0,0,0,0,0,2024,6
689,292,4,-0.8,0,0,1,0,0,1,0,0,0,0,0,0,0,2024,6
690,228,0,0.9,0,0,1,0,0,1,0,0,0,0,0,0,0,2024,6
691,230,0,-0.8,0,0,1,0,0,0,0,0,1,0,0,0,0,2024,6
692,206,9,-0.85,0,0,1,0,0,0,0,0,1,0,0,0,0,2024,6
693,250,0,0.85,0,0,1,0,0,1,0,0,0,0,0,0,0,2024,5
694,295,0,-0.85,0,0,1,0,0,1,0,0,0,0,0,0,0,2024,5
695,237,0,0.85,0,0,1,0,0,1,0,0,0,0,0,0,0,2024,5
696,169,0,-1.0,0,0,1,0,0,1,0,0,0,0,0,0,0,2024,5
697,296,0,0.85,0,0,1,0,0,1,0,0,0,0,0,0,0,2024,5
698,308,10,-0.85,0,0,1,0,0,0,0,0,1,0,0,0,0,2024,5
699,223,0,0.85,0,0,1,0,0,1,0,0,0,0,0,0,0,2024,5
700,229,0,-0.85,0,0,1,0,0,1,0,0,0,0,0,0,0,2024,5
701,238,0,-1.0,0,0,1,0,0,1,0,0,0,0,0,0,0,2024,5
702,134,0,-0.85,0,0,1,0,0,1,0,0,0,0,0,0,0,2024,4
703,95,0,0.85,0,0,1,0,0,0,0,0,1,0,0,0,0,2024,4
704,113,0,-0.8,0,0,1,0,0,1,0,0,0,0,0,0,0,2024,4
705,182,16,0.8,0,0,1,0,0,1,0,0,0,0,0,0,0,2024,4
706,361,8,-0.85,0,0,1,0,0,1,0,0,0,0,0,0,0,2024,4
707,161,0,0.8,0,0,1,0,0,1,0,0,0,0,0,0,0,2024,4
708,245,0,-0.85,0,0,1,0,0,1,0,0,0,0,0,0,0,2024,4
709,381,13,-1.0,0,0,1,0,0,1,0,0,0,0,0,0,0,2024,8
710,769,7,1.0,0,0,1,0,0,1,0,0,0,0,0,0,0,2024,4
711,233,0,0.85,0,0,1,0,0,1,0,0,0,0,0,0,0,2024,8
712,383,0,0.85,0,0,1,0,0,1,0,0,0,0,0,0,0,2024,4
713,471,4,-0.85,0,0,1,0,0,0,0,0,1,0,0,0,0,2024,3
714,273,0,-1.0,0,0,1,0,0,1,0,0,0,0,0,0,0,2024,3
715,386,6,-1.0,0,0,1,0,0,1,0,0,0,0,0,0,0,2024,3
716,292,0,0.85,0,0,1,0,0,1,0,0,0,0,0,0,0,2024,3
717,249,0,0.85,0,0,1,0,0,1,0,0,0,0,0,0,0,2024,3
718,381,0,-0.5,0,0,1,0,0,1,0,0,0,0,0,0,0,2024,8
719,143,0,0.85,0,0,1,0,0,0,0,0,1,0,0,0,0,2024,3
720,396,10,-0.5,0,0,1,0,0,1,0,0,0,0,0,0,0,2024,8
721,260,3,0.85,0,0,1,0,0,1,0,0,0,0,0,0,0,2024,8
722,465,0,0.85,0,0,1,0,0,1,0,0,0,0,0,0,0,2024,3
723,291,0,-0.85,0,0,1,0,0,1,0,0,0,0,0,0,0,2024,8
724,299,0,0.85,0,0,1,0,0,1,0,0,0,0,0,0,0,2024,3
725,473,8,-0.8,0,0,1,0,0,1,0,0,0,0,0,0,0,2024,8
726,241,0,0.8,0,0,1,0,0,1,0,0,0,0,0,0,0,2024,3
727,260,3,-0.85,0,0,1,0,0,1,0,0,0,0,0,0,0,2024,3
728,262,0,-0.8,0,0,1,0,0,1,0,0,0,0,0,0,0,2024,2
729,254,15,-0.8,0,0,1,0,0,0,0,0,1,0,0,0,0,2024,2
730,197,0,-0.5,0,0,1,0,0,0,0,0,1,0,0,0,0,2024,2
731,279,3,0.85,0,0,1,0,0,1,0,0,0,0,0,0,0,2024,2
732,298,0,0.85,0,0,1,0,0,1,0,0,0,0,0,0,0,2024,8
733,105,0,-1.0,0,0,1,0,0,0,0,0,1,0,0,0,0,2024,2
734,397,9,-0.85,0,0,1,0,0,1,0,0,0,0,0,0,0,2024,2
735,609,6,0.8,0,0,1,0,1,0,0,0,0,0,0,0,0,2026,7
736,278,0,-0.85,0,0,1,0,0,0,0,0,0,1,0,0,0,2026,7
737,279,0,0.85,0,0,1,0,1,0,0,0,0,0,0,0,0,2026,6
738,228,0,-0.85,0,0,1,0,1,0,0,0,0,0,0,0,0,2026,6
739,224,0,-1.0,0,0,1,0,0,0,0,0,0,1,0,0,0,2026,6
740,219,0,-0.85,0,0,1,0,0,0,0,0,0,1,0,0,0,2026,6
741,270,0,-0.5,0,0,1,0,1,0,0,0,0,0,0,0,0,2026,6
742,23,0,0.85,0,0,1,0,1,0,0,0,0,0,0,0,0,2026,6
743,157,0,0.85,0,0,1,0,0,0,0,0,0,1,0,0,0,2026,6
744,176,9,0.85,0,0,1,0,1,0,0,0,0,0,0,0,0,2026,6
745,244,0,-1.0,0,0,1,0,0,0,0,0,1,0,0,0,0,2026,6
746,175,0,-0.8,0,0,1,0,0,0,0,0,0,1,0,0,0,2026,6
747,204,0,-0.85,0,0,1,0,1,0,0,0,0,0,0,0,0,2026,6
748,143,0,0.9,0,0,1,0,0,0,0,0,0,1,0,0,0,2026,6
749,41,0,-1.0,0,0,1,0,0,0,0,0,1,0,0,0,0,2026,6
750,124,0,0.85,0,0,1,0,0,0,0,0,0,1,0,0,0,2026,6
751,108,0,-1.0,0,0,1,0,0,0,0,0,0,1,0,0,0,2026,6
752,313,0,-0.85,0,0,1,0,1,0,0,0,0,0,0,0,0,2026,6
753,98,0,-0.8,0,0,1,0,0,0,0,0,0,1,0,0,0,2026,6
754,49,0,-1.0,0,0,1,0,0,0,0,0,1,0,0,0,0,2026,6
755,418,0,-0.85,0,0,1,0,1,0,0,0,0,0,0,0,0,2026,6
756,179,0,0.85,0,0,1,0,0,0,0,0,0,1,0,0,0,2026,6
757,140,0,-0.85,0,0,1,0,0,0,0,0,0,1,0,0,0,2026,6
758,234,0,0.85,0,0,1,0,1,0,0,0,0,0,0,0,0,2026,6
759,312,0,-0.85,0,0,1,0,1,0,0,0,0,0,0,0,0,2026,6
760,293,14,0.8,0,0,1,0,1,0,0,0,0,0,0,0,0,2026,6
761,146,11,0.9,0,0,1,0,1,0,0,0,0,0,0,0,0,2026,6
762,280,0,0.8,0,0,1,0,1,0,0,0,0,0,0,0,0,2026,6
763,277,0,-0.8,0,0,1,0,1,0,0,0,0,0,0,0,0,2026,6
764,345,10,-0.85,0,0,1,0,0,0,0,0,0,1,0,0,0,2026,6
765,395,3,0.85,0,0,1,0,1,0,0,0,0,0,0,0,0,2026,6
766,490,0,-0.85,0,0,1,0,1,0,0,0,0,0,0,0,0,2026,6
767,308,0,0.95,0,0,1,0,0,0,0,0,0,1,0,0,0,2026,6
768,257,0,-0.85,0,0,1,0,1,0,0,0,0,0,0,0,0,2026,6
769,352,0,0.85,0,0,1,0,1,0,0,0,0,0,0,0,0,2026,6
770,225,0,-0.85,0,0,1,0,0,0,0,0,0,1,0,0,0,2026,6
771,27,0,-1.0,0,0,1,0,0,0,0,0,0,1,0,0,0,2026,6
772,207,6,-0.85,0,0,1,0,0,0,0,0,0,1,0,0,0,2026,6
773,307,6,-0.85,0,0,1,0,0,0,0,0,0,1,0,0,0,2026,6
774,525,0,0.85,0,0,1,0,0,0,0,0,0,1,0,0,0,2026,6
775,171,0,-0.5,0,0,1,0,1,0,0,0,0,0,0,0,0,2026,6
776,372,0,-0.95,0,0,1,0,0,0,0,0,0,1,0,0,0,2026,6
777,37,0,-1.0,0,0,1,0,1,0,0,0,0,0,0,0,0,2026,6
778,216,0,1.0,0,0,1,0,1,0,0,0,0,0,0,0,0,2026,6
779,200,0,-1.0,0,0,1,0,0,0,0,0,0,1,0,0,0,2026,6
780,289,0,-1.0,0,0,1,0,1,0,0,0,0,0,0,0,0,2026,6
781,134,0,-0.5,0,0,1,0,0,0,0,0,0,1,0,0,0,2026,6
782,229,0,-1.0,0,0,1,0,0,0,0,0,0,1,0,0,0,2026,6
783,58,0,-0.5,0,0,1,0,0,0,0,0,0,1,0,0,0,2026,6
784,150,8,0.85,0,0,1,0,1,0,0,0,0,0,0,0,0,2026,6
785,117,0,-0.8,0,0,1,0,1,0,0,0,0,0,0,0,0,2026,5
786,255,10,0.85,0,0,1,0,1,0,0,0,0,0,0,0,0,2026,5
787,186,3,-0.85,0,0,1,0,1,0,0,0,0,0,0,0,0,2026,5
788,112,16,0.85,0,0,1,0,1,0,0,0,0,0,0,0,0,2026,5
789,46,0,0.85,0,0,1,0,1,0,0,0,0,0,0,0,0,2026,5
790,177,0,0.8,0,0,1,0,1,0,0,0,0,0,0,0,0,2026,5
791,114,0,1.0,0,0,1,0,1,0,0,0,0,0,0,0,0,2026,5
792,210,6,0.85,0,0,1,0,1,0,0,0,0,0,0,0,0,2026,5
793,46,0,0.85,0,0,1,0,1,0,0,0,0,0,0,0,0,2026,4
794,231,19,0.85,0,0,1,0,1,0,0,0,0,0,0,0,0,2026,4
795,744,0,-0.85,0,0,1,0,1,0,0,0,0,0,0,0,0,2026,4
796,192,6,0.85,0,0,1,0,1,0,0,0,0,0,0,0,0,2026,4
797,46,0,0.85,0,0,1,0,1,0,0,0,0,0,0,0,0,2026,4
798,212,0,-0.8,0,0,1,0,1,0,0,0,0,0,0,0,0,2026,4
799,124,6,-0.5,0,0,1,0,1,0,0,0,0,0,0,0,0,2026,4
800,254,0,-0.85,0,0,1,0,1,0,0,0,0,0,0,0,0,2026,4
801,50,0,0.85,0,0,1,0,1,0,0,0,0,0,0,0,0,2026,4
802,178,0,0.85,0,0,1,0,1,0,0,0,0,0,0,0,0,2026,5
803,137,0,0.85,0,0,1,0,1,0,0,0,0,0,0,0,0,2026,4
804,46,0,0.85,0,0,1,0,1,0,0,0,0,0,0,0,0,2026,4
805,29,0,-1.0,0,0,1,0,0,0,0,0,1,0,0,0,0,2026,4
806,146,0,-0.5,0,0,1,0,1,0,0,0,0,0,0,0,0,2026,4
807,103,0,-0.8,0,0,1,0,1,0,0,0,0,0,0,0,0,2026,4
808,139,0,-1.0,0,0,1,0,1,0,0,0,0,0,0,0,0,2026,4
809,81,0,-0.8,0,0,1,0,1,0,0,0,0,0,0,0,0,2026,4
810,152,0,0.8,0,0,1,0,1,0,0,0,0,0,0,0,0,2026,4
811,130,8,-1.0,0,0,1,0,1,0,0,0,0,0,0,0,0,2026,4
812,190,0,-0.5,0,0,1,0,1,0,0,0,0,0,0,0,0,2026,4
813,400,8,-0.8,0,0,1,0,1,0,0,0,0,0,0,0,0,2026,4
814,174,0,-1.0,0,0,1,0,1,0,0,0,0,0,0,0,0,2026,4
815,325,0,-0.85,0,0,1,0,1,0,0,0,0,0,0,0,0,2026,4
816,185,0,1.0,0,0,1,0,1,0,0,0,0,0,0,0,0,2026,4
817,145,6,0.85,0,0,1,0,1,0,0,0,0,0,0,0,0,2026,4
818,128,0,-0.5,0,0,1,0,1,0,0,0,0,0,0,0,0,2026,4
819,136,8,-1.0,0,0,1,0,1,0,0,0,0,0,0,0,0,2026,4
820,143,0,-0.85,0,0,1,0,1,0,0,0,0,0,0,0,0,2026,4
821,124,0,-0.5,0,0,1,0,1,0,0,0,0,0,0,0,0,2026,4
822,290,3,-0.85,0,0,1,0,1,0,0,0,0,0,0,0,0,2026,4
823,175,0,0.8,0,0,1,0,1,0,0,0,0,0,0,0,0,2026,4
824,178,0,-1.0,0,0,1,0,1,0,0,0,0,0,0,0,0,2026,4
825,317,0,-0.85,0,0,1,0,1,0,0,0,0,0,0,0,0,2026,4
826,268,0,0.85,0,0,1,0,1,0,0,0,0,0,0,0,0,2026,4
827,172,0,-1.0,0,0,1,0,1,0,0,0,0,0,0,0,0,2026,4
828,79,0,-1.0,0,0,1,0,1,0,0,0,0,0,0,0,0,2026,4
829,162,0,0.85,0,0,1,0,1,0,0,0,0,0,0,0,0,2026,4
830,125,0,-1.0,0,0,1,0,1,0,0,0,0,0,0,0,0,2026,4
831,132,0,0.85,0,0,1,0,1,0,0,0,0,0,0,0,0,2026,4
832,154,13,0.8,0,0,1,0,1,0,0,0,0,0,0,0,0,2026,4
833,165,0,-1.0,0,0,1,0,1,0,0,0,0,0,0,0,0,2026,4
834,58,0,0.5,0,0,1,0,0,0,0,0,0,1,0,0,0,2026,5
835,28,0,0.5,0,0,1,0,0,0,0,0,0,1,0,0,0,2025,12
836,217,0,-0.6,0,0,1,0,0,0,0,0,0,0,1,0,0,2025,7
837,226,0,0.85,0,0,1,0,0,0,0,0,0,0,1,0,0,2025,7
838,253,0,-0.85,0,0,1,0,0,0,0,0,1,0,0,0,0,2025,6
839,119,0,0.8,0,0,1,0,0,0,0,0,0,0,1,0,0,2025,1
840,204,0,-0.85,0,0,1,0,0,0,0,0,1,0,0,0,0,2024,10
841,354,11,0.85,0,0,1,0,0,0,0,0,0,0,1,0,0,2024,9
842,322,0,-0.85,0,0,1,0,0,0,0,0,1,0,0,0,0,2024,9
843,325,7,0.5,0,0,1,0,0,0,0,0,0,0,1,0,0,2024,8
844,296,7,0.85,0,0,1,0,0,0,0,0,0,0,1,0,0,2024,8
845,306,0,-0.8,0,0,1,0,0,0,0,0,0,0,1,0,0,2024,7
846,179,7,-0.85,0,0,1,0,0,0,0,0,1,0,0,0,0,2024,7
847,185,0,-0.85,0,0,1,0,0,0,0,0,1,0,0,0,0,2024,7
848,428,0,-0.85,0,0,1,0,0,0,0,0,0,0,1,0,0,2024,7
849,149,0,0.85,0,0,1,0,0,0,0,0,0,0,1,0,0,2024,7
850,216,0,0.85,0,0,1,0,0,0,0,0,0,0,1,0,0,2024,7
851,211,7,-0.85,0,0,1,0,0,0,0,0,1,0,0,0,0,2024,7
852,191,0,0.8,0,0,1,0,0,0,0,0,1,0,0,0,0,2024,7
853,301,0,-0.85,0,0,1,0,0,0,0,0,1,0,0,0,0,2024,7
854,172,0,0.85,0,0,1,0,0,0,0,0,1,0,0,0,0,2024,7
855,322,0,-0.5,0,0,1,0,0,0,0,0,1,0,0,0,0,2024,7
856,112,0,-0.5,0,0,1,0,0,0,0,0,1,0,0,0,0,2024,7
857,212,7,-1.0,0,0,1,0,0,0,0,0,1,0,0,0,0,2024,7
858,322,0,-0.85,0,0,1,0,0,0,0,0,1,0,0,0,0,2024,6
859,145,0,0.8,0,0,1,0,0,0,0,0,1,0,0,0,0,2024,6
860,167,0,-0.8,0,0,1,0,0,0,0,0,1,0,0,0,0,2024,6
861,306,0,-0.85,0,0,1,0,0,0,0,0,0,0,1,0,0,2024,6
862,156,3,0.8,0,0,1,0,0,0,0,0,1,0,0,0,0,2024,6
863,316,0,0.85,0,0,1,0,0,0,0,0,0,0,1,0,0,2024,6
864,244,0,-0.85,0,0,1,0,0,0,0,0,1,0,0,0,0,2024,6
865,269,0,0.85,0,0,1,0,0,0,0,0,0,0,1,0,0,2024,6
866,257,0,-0.85,0,0,1,0,0,0,0,0,0,0,1,0,0,2024,6
867,263,9,0.8,0,0,1,0,0,0,0,0,0,0,1,0,0,2024,6
868,174,0,1.0,0,0,1,0,0,0,0,0,0,0,1,0,0,2024,6
869,162,0,-0.85,0,0,1,0,0,0,0,0,1,0,0,0,0,2024,6
870,232,0,0.85,0,0,1,0,0,0,0,0,1,0,0,0,0,2024,6
871,176,0,0.8,0,0,1,0,0,0,0,0,1,0,0,0,0,2024,6
872,336,10,-0.85,0,0,1,0,0,0,0,0,0,0,1,0,0,2024,6
873,282,0,0.85,0,0,1,0,0,0,0,0,0,0,1,0,0,2024,6
874,268,0,0.85,0,0,1,0,0,0,0,0,1,0,0,0,0,2024,6
875,442,4,-0.8,0,0,1,0,0,0,0,0,0,0,1,0,0,2024,6
876,451,13,0.85,0,0,1,0,0,0,0,0,0,0,1,0,0,2024,6
877,235,3,-0.8,0,0,1,0,0,0,0,0,1,0,0,0,0,2024,6
878,272,0,0.85,0,0,1,0,0,0,0,0,0,0,1,0,0,2024,6
879,297,3,-0.85,0,0,1,0,0,0,0,0,0,0,1,0,0,2024,6
880,422,10,-1.0,0,0,1,0,0,0,0,0,1,0,0,0,0,2024,5
881,292,0,-0.95,0,0,1,0,0,0,0,0,1,0,0,0,0,2024,5
882,429,12,0.8,0,0,1,0,0,0,0,0,0,0,1,0,0,2024,5
883,212,0,-0.5,0,0,1,0,0,0,0,0,0,0,1,0,0,2024,5
884,227,0,0.85,0,0,1,0,0,0,0,0,1,0,0,0,0,2024,5
885,106,0,-1.0,0,0,1,0,0,0,0,0,0,0,1,0,0,2024,5
886,106,0,-0.85,0,0,1,0,0,0,0,0,0,0,1,0,0,2024,5
887,72,0,-0.85,0,0,1,0,0,0,0,0,0,0,1,0,0,2024,5
888,106,0,-0.85,0,0,1,0,0,0,0,0,0,0,1,0,0,2024,5
889,82,0,-0.85,0,0,1,0,0,0,0,0,0,0,1,0,0,2024,5
890,134,0,-0.85,0,0,1,0,0,0,0,0,0,0,1,0,0,2024,5
891,231,6,-0.85,0,0,1,0,0,0,0,0,0,0,1,0,0,2024,5
892,149,0,-0.8,0,0,1,0,0,0,0,0,0,0,1,0,0,2024,5
893,276,0,-0.85,0,0,1,0,0,0,0,0,0,0,1,0,0,2024,5
894,212,0,0.8,0,0,1,0,0,0,0,0,0,0,1,0,0,2024,5
895,106,0,-0.85,0,0,1,0,0,0,0,0,0,0,1,0,0,2024,5
896,109,0,-0.85,0,0,1,0,0,0,0,0,0,0,1,0,0,2024,5
897,104,0,-0.85,0,0,1,0,0,0,0,0,0,0,1,0,0,2024,5
898,250,0,0.8,0,0,1,0,0,0,0,0,1,0,0,0,0,2024,5
899,132,0,-0.85,0,0,1,0,0,0,0,0,0,0,1,0,0,2024,5
900,159,0,-0.85,0,0,1,0,0,0,0,0,0,0,1,0,0,2024,5
901,112,0,-0.85,0,0,1,0,0,0,0,0,0,0,1,0,0,2024,5
902,129,0,0.85,0,0,1,0,0,0,0,0,0,0,1,0,0,2024,5
903,101,0,-0.5,0,0,1,0,0,0,0,0,0,0,1,0,0,2024,5
904,137,0,-1.0,0,0,1,0,0,0,0,0,0,0,1,0,0,2024,5
905,105,0,-0.85,0,0,1,0,0,0,0,0,0,0,1,0,0,2024,5
906,103,0,-0.85,0,0,1,0,0,0,0,0,0,0,1,0,0,2024,5
907,104,0,-0.85,0,0,1,0,0,0,0,0,0,0,1,0,0,2024,5
908,117,0,-1.0,0,0,1,0,0,0,0,0,0,0,1,0,0,2024,5
909,156,0,0.85,0,0,1,0,0,0,0,0,0,0,1,0,0,2024,5
910,148,0,-0.85,0,0,1,0,0,0,0,0,0,0,1,0,0,2024,5
911,237,0,0.85,0,0,1,0,0,0,0,0,0,0,1,0,0,2024,5
912,212,0,-1.0,0,0,1,0,0,0,0,0,0,0,1,0,0,2024,5
913,266,0,0.85,0,0,1,0,0,0,0,0,0,0,1,0,0,2024,5
914,182,0,-0.9,0,0,1,0,0,0,0,0,0,0,1,0,0,2024,5
915,155,0,0.8,0,0,1,0,0,0,0,0,0,0,1,0,0,2024,5
916,187,0,0.8,0,0,1,0,0,0,0,0,0,0,1,0,0,2024,5
917,157,0,0.8,0,0,1,0,0,0,0,0,0,0,1,0,0,2024,5
918,115,0,-1.0,0,0,1,0,0,0,0,0,0,0,1,0,0,2024,7
919,201,0,-0.85,0,0,1,0,0,0,0,0,0,0,1,0,0,2024,5
920,186,0,0.9,0,0,1,0,0,0,0,0,0,0,1,0,0,2024,5
921,132,0,0.8,0,0,1,0,0,0,0,0,0,0,1,0,0,2024,5
922,198,0,0.85,0,0,1,0,0,0,0,0,0,0,1,0,0,2024,5
923,149,0,1.0,0,0,1,0,0,0,0,0,0,0,1,0,0,2024,5
924,64,0,-0.85,0,0,1,0,0,0,0,0,0,0,1,0,0,2024,5
925,98,0,-0.85,0,0,1,0,0,0,0,0,0,0,1,0,0,2024,5
926,97,0,-1.0,0,0,1,0,0,0,0,0,0,0,1,0,0,2024,5
927,219,0,0.85,0,0,1,0,0,0,0,0,0,0,1,0,0,2024,5
928,276,0,0.85,0,0,1,0,0,0,0,0,0,0,1,0,0,2024,5
929,288,0,-1.0,0,0,1,0,0,0,0,0,0,0,1,0,0,2024,5
930,544,13,0.5,0,0,1,0,0,0,0,0,0,0,1,0,0,2024,5
931,259,0,0.85,0,0,1,0,0,0,0,0,0,0,1,0,0,2024,5
932,223,0,0.85,0,0,1,0,0,0,0,0,0,0,1,0,0,2024,5
933,136,0,-1.0,0,0,1,0,0,0,0,0,0,0,1,0,0,2024,5
934,99,0,1.0,0,0,1,0,0,0,1,0,0,0,0,0,0,2026,7
935,42,0,-1.0,0,0,1,0,0,0,1,0,0,0,0,0,0,2026,7
936,111,0,0.8,0,0,1,0,0,0,1,0,0,0,0,0,0,2026,7
937,124,0,1.0,0,0,1,0,0,0,1,0,0,0,0,0,0,2026,7
938,119,0,-0.85,0,0,1,0,0,0,0,0,0,1,0,0,0,2026,7
939,145,0,0.85,0,0,1,0,0,0,1,0,0,0,0,0,0,2026,7
940,44,0,-0.8,0,0,1,0,0,0,1,0,0,0,0,0,0,2026,7
941,124,0,0.8,0,0,1,0,0,0,1,0,0,0,0,0,0,2026,7
942,102,0,-0.5,0,0,1,0,0,0,1,0,0,0,0,0,0,2026,7
943,111,0,0.5,0,0,1,0,0,0,1,0,0,0,0,0,0,2026,7
944,42,0,-0.8,0,0,1,0,0,0,1,0,0,0,0,0,0,2026,7
945,83,0,0.9,0,0,1,0,0,0,1,0,0,0,0,0,0,2026,7
946,97,0,-0.5,0,0,1,0,0,0,1,0,0,0,0,0,0,2026,6
947,126,0,-0.85,0,0,1,0,0,0,1,0,0,0,0,0,0,2026,6
948,442,0,0.85,0,0,1,0,0,0,1,0,0,0,0,0,0,2026,6
949,94,0,1.0,0,0,1,0,0,0,1,0,0,0,0,0,0,2026,6
950,42,0,-1.0,0,0,1,0,0,0,1,0,0,0,0,0,0,2026,6
951,124,0,1.0,0,0,1,0,0,0,1,0,0,0,0,0,0,2026,6
952,163,19,-0.85,0,0,1,0,0,0,1,0,0,0,0,0,0,2026,6
953,26,0,0.8,0,0,1,0,0,0,1,0,0,0,0,0,0,2026,6
954,95,0,0.9,0,0,1,0,0,0,1,0,0,0,0,0,0,2026,6
955,42,0,-1.0,0,0,1,0,0,0,1,0,0,0,0,0,0,2026,6
956,90,0,-1.0,0,0,1,0,0,0,1,0,0,0,0,0,0,2026,6
957,282,5,-1.0,0,0,1,0,0,0,0,0,0,1,0,0,0,2026,6
958,335,0,0.85,0,0,1,0,0,0,1,0,0,0,0,0,0,2026,6
959,42,0,-0.5,0,0,1,0,0,0,1,0,0,0,0,0,0,2026,6
960,286,0,-0.85,0,0,1,0,0,0,1,0,0,0,0,0,0,2026,6
961,123,0,1.0,0,0,1,0,0,0,1,0,0,0,0,0,0,2026,6
962,96,0,-0.8,0,0,1,0,0,0,1,0,0,0,0,0,0,2026,6
963,339,0,0.8,0,0,1,0,0,0,1,0,0,0,0,0,0,2026,6
964,42,0,-0.8,0,0,1,0,0,0,1,0,0,0,0,0,0,2026,6
965,201,8,-1.0,0,0,1,0,0,0,1,0,0,0,0,0,0,2026,6
966,314,0,-1.0,0,0,1,0,0,0,1,0,0,0,0,0,0,2026,6
967,125,0,1.0,0,0,1,0,0,0,1,0,0,0,0,0,0,2026,6
968,319,23,0.8,0,0,1,0,0,0,1,0,0,0,0,0,0,2026,6
969,161,0,-0.5,0,0,1,0,0,0,0,0,1,0,0,0,0,2026,6
970,42,0,-0.8,0,0,1,0,0,0,1,0,0,0,0,0,0,2026,6
971,129,0,1.0,0,0,1,0,0,0,1,0,0,0,0,0,0,2026,6
972,119,0,0.85,0,0,1,0,0,0,0,0,0,1,0,0,0,2026,6
973,108,0,-0.5,0,0,1,0,0,0,1,0,0,0,0,0,0,2026,6
974,42,0,-0.8,0,0,1,0,0,0,1,0,0,0,0,0,0,2026,6
975,341,0,-1.0,0,0,1,0,0,0,0,0,0,1,0,0,0,2026,6
976,101,0,-0.5,0,0,1,0,0,0,1,0,0,0,0,0,0,2026,6
977,139,0,0.8,0,0,1,0,0,0,1,0,0,0,0,0,0,2026,6
978,46,0,-0.85,0,0,1,0,0,0,0,0,0,1,0,0,0,2026,6
979,210,0,0.85,0,0,1,0,0,0,0,0,0,1,0,0,0,2026,6
980,42,0,-1.0,0,0,1,0,0,0,1,0,0,0,0,0,0,2026,6
981,127,0,1.0,0,0,1,0,0,0,1,0,0,0,0,0,0,2026,6
982,551,0,0.85,0,0,1,0,0,0,1,0,0,0,0,0,0,2026,6
983,273,0,0.85,0,0,1,0,0,0,0,0,0,1,0,0,0,2026,6
984,129,7,-0.5,0,0,1,0,0,0,1,0,0,0,0,0,0,2026,6
985,42,0,-1.0,0,0,1,0,0,0,1,0,0,0,0,0,0,2026,6
986,139,0,1.0,0,0,1,0,0,0,1,0,0,0,0,0,0,2026,6
987,209,0,-0.5,0,0,1,0,0,0,1,0,0,0,0,0,0,2026,6
988,42,0,-0.5,0,0,1,0,0,0,1,0,0,0,0,0,0,2026,5
989,106,0,1.0,0,0,1,0,0,0,1,0,0,0,0,0,0,2026,5
990,208,0,-0.8,0,0,1,0,0,0,0,0,1,0,0,0,0,2026,5
991,44,0,-0.8,0,0,1,0,0,0,1,0,0,0,0,0,0,2026,7
992,202,5,0.5,0,0,1,0,0,0,0,0,1,0,0,0,0,2026,5
993,126,0,0.8,0,0,1,0,0,0,1,0,0,0,0,0,0,2026,7
994,63,0,-1.0,0,0,1,0,0,0,1,0,0,0,0,0,0,2026,5
995,133,0,0.85,0,0,1,0,0,0,0,0,1,0,0,0,0,2026,5
996,42,0,-1.0,0,0,1,0,0,0,1,0,0,0,0,0,0,2026,5
997,852,0,-0.96,1,0,0,0,0,0,0,0,0,1,0,0,0,2026,7
998,711,10,0.95,1,0,0,0,0,0,0,0,0,1,0,0,0,2026,7
999,500,0,-0.85,1,0,0,0,0,0,0,0,0,1,0,0,0,2026,7
1000,180,0,0.5,1,0,0,0,0,0,0,0,0,1,0,0,0,2026,7
1001,430,0,-0.85,1,0,0,0,0,0,0,0,0,1,0,0,0,2026,7
1002,543,23,0.85,1,0,0,0,0,0,0,0,0,1,0,0,0,2026,7
1003,537,17,-0.85,1,0,0,0,0,0,0,0,0,1,0,0,0,2026,7
1004,661,26,0.85,1,0,0,0,0,0,0,0,0,1,0,0,0,2026,7
1005,222,0,0.85,1,0,0,0,0,0,0,0,0,1,0,0,0,2026,7
1006,370,10,0.95,1,0,0,0,0,0,0,0,0,1,0,0,0,2026,7
1007,546,20,0.85,1,0,0,0,0,0,0,0,0,1,0,0,0,2026,7
1008,236,30,-0.85,1,0,0,0,0,0,0,0,0,1,0,0,0,2026,7
1009,328,15,-0.85,1,0,0,0,0,0,0,0,0,1,0,0,0,2026,7
1010,160,0,0.8,1,0,0,0,0,0,0,0,0,1,0,0,0,2026,7
1011,385,14,0.85,1,0,0,0,0,0,0,0,0,1,0,0,0,2026,7
1012,1151,0,0.85,1,0,0,0,0,0,0,0,0,1,0,0,0,2026,7
1013,270,14,0.85,1,0,0,0,0,0,0,0,0,1,0,0,0,2026,7
1014,276,21,-0.9,1,0,0,0,0,0,0,0,0,1,0,0,0,2026,7
1015,495,23,-0.8,1,0,0,0,0,0,0,0,0,1,0,0,0,2026,7
1016,313,0,-0.85,1,0,0,0,0,0,0,0,0,1,0,0,0,2026,7
1017,481,13,0.85,1,0,0,0,0,0,0,0,0,1,0,0,0,2026,6
1018,286,0,-0.85,1,0,0,0,0,0,0,0,0,1,0,0,0,2026,4
1019,283,34,0.95,1,0,0,0,0,0,0,0,0,1,0,0,0,2026,4
1020,470,0,-0.85,1,0,0,0,0,0,0,0,0,1,0,0,0,2026,4
1021,273,0,0.85,1,0,0,0,0,0,0,0,0,1,0,0,0,2026,4
1022,244,4,0.85,1,0,0,0,0,0,0,0,0,1,0,0,0,2026,3
1023,462,0,0.85,1,0,0,0,0,0,0,0,0,1,0,0,0,2026,3
1024,471,0,0.85,1,0,0,0,0,0,0,0,0,1,0,0,0,2026,2
1025,710,10,0.8,1,0,0,0,0,0,0,0,0,1,0,0,0,2026,2
1026,978,26,0.95,1,0,0,0,0,0,0,0,0,1,0,0,0,2026,1
1027,225,0,0.85,1,0,0,0,0,0,0,0,0,1,0,0,0,2026,1
1028,374,17,0.95,1,0,0,0,0,0,0,0,0,1,0,0,0,2025,11
1029,243,13,-0.85,1,0,0,0,0,0,0,0,0,1,0,0,0,2025,11
1030,467,7,0.85,1,0,0,0,0,0,0,0,0,1,0,0,0,2025,11
1031,503,4,-0.85,1,0,0,0,0,0,0,0,0,1,0,0,0,2025,10
1032,164,0,0.5,1,0,0,0,0,0,0,0,0,1,0,0,0,2025,8
1033,311,3,-1.0,1,0,0,0,0,0,0,0,0,1,0,0,0,2025,8
1034,334,0,-1.0,1,0,0,0,0,0,0,0,0,1,0,0,0,2025,7
1035,440,0,0.85,1,0,0,0,0,0,0,0,0,1,0,0,0,2025,6
1036,501,12,-0.85,1,0,0,0,0,0,0,0,0,1,0,0,0,2026,7
1037,146,4,-0.85,1,0,0,0,0,0,0,0,0,1,0,0,0,2026,7
1038,233,13,-0.8,1,0,0,0,0,0,0,0,0,1,0,0,0,2026,7
1039,508,7,-1.0,1,0,0,0,0,0,0,0,0,1,0,0,0,2026,7
1040,450,13,-1.0,1,0,0,0,0,0,0,0,0,1,0,0,0,2026,7
1041,210,13,0.85,1,0,0,0,0,0,0,0,0,1,0,0,0,2026,7
1042,232,30,-0.5,1,0,0,0,0,0,0,0,0,1,0,0,0,2026,7
1043,475,13,0.85,1,0,0,0,0,0,0,0,0,1,0,0,0,2026,7
1044,282,21,-0.85,1,0,0,0,0,0,0,0,0,1,0,0,0,2026,7
1045,524,46,-0.85,1,0,0,0,0,0,0,0,0,1,0,0,0,2026,7
1046,168,17,-0.85,1,0,0,0,0,0,0,0,0,1,0,0,0,2026,7
1047,568,13,-0.85,1,0,0,0,0,0,0,0,0,1,0,0,0,2026,7
1048,181,17,0.85,1,0,0,0,0,0,0,0,0,1,0,0,0,2026,7
1049,357,6,0.85,1,0,0,0,0,0,0,0,0,1,0,0,0,2026,7
1050,229,19,-0.85,1,0,0,0,0,0,0,0,0,1,0,0,0,2026,7
1051,282,8,-0.92,1,0,0,0,0,0,0,0,0,1,0,0,0,2026,7
1052,258,23,0.95,1,0,0,0,0,0,0,0,0,1,0,0,0,2026,7
1053,479,20,-0.85,1,0,0,0,0,0,0,0,0,1,0,0,0,2026,7
1054,505,27,-0.8,1,0,0,0,0,0,0,0,0,1,0,0,0,2026,7
1055,284,20,-0.85,1,0,0,0,0,0,0,0,0,1,0,0,0,2026,7
1056,753,30,0.8,1,0,0,0,0,0,0,0,0,0,1,0,0,2026,7
1057,409,15,0.85,1,0,0,0,0,0,0,0,0,0,1,0,0,2026,7
1058,649,0,0.85,1,0,0,0,0,0,0,0,0,0,1,0,0,2026,7
1059,433,7,-0.85,1,0,0,0,0,0,0,0,0,0,1,0,0,2026,7
1060,533,17,-0.8,1,0,0,0,0,0,0,0,0,0,1,0,0,2026,7
1061,573,0,0.5,1,0,0,0,0,0,0,0,0,0,1,0,0,2026,7
1062,989,13,0.85,1,0,0,0,0,0,0,0,0,1,0,0,0,2026,7
1063,1148,13,-0.85,1,0,0,0,0,0,0,0,0,0,1,0,0,2026,7
1064,702,3,0.85,1,0,0,0,0,0,0,0,0,0,1,0,0,2026,7
1065,448,0,-0.85,1,0,0,0,0,0,0,0,0,0,1,0,0,2026,7
1066,715,17,0.96,1,0,0,0,0,0,0,0,0,0,1,0,0,2026,7
1067,433,13,1.0,1,0,0,0,0,0,0,0,0,0,1,0,0,2026,7
1068,1056,6,0.85,1,0,0,0,0,0,0,0,0,0,1,0,0,2026,7
1069,483,30,0.85,1,0,0,0,0,0,0,0,0,0,1,0,0,2026,7
1070,823,3,-0.85,1,0,0,0,0,0,0,0,0,0,1,0,0,2026,7
1071,568,39,0.85,1,0,0,0,0,0,0,0,0,0,1,0,0,2026,7
1072,608,13,0.85,1,0,0,0,0,0,0,0,0,0,1,0,0,2026,7
1073,1197,18,0.85,1,0,0,0,0,0,0,0,0,0,1,0,0,2026,7
1074,1320,22,-1.0,1,0,0,0,0,0,0,0,0,0,1,0,0,2026,7
1075,334,6,-0.85,1,0,0,0,0,0,0,0,0,1,0,0,0,2026,7
1076,593,4,-1.0,1,0,0,0,0,1,0,0,0,0,0,0,0,2026,7
1077,697,4,-1.0,1,0,0,0,0,1,0,0,0,0,0,0,0,2026,7
1078,413,6,-0.8,1,0,0,0,0,1,0,0,0,0,0,0,0,2026,7
1079,781,8,-1.0,1,0,0,0,0,1,0,0,0,0,0,0,0,2026,7
1080,453,0,-0.5,1,0,0,0,0,1,0,0,0,0,0,0,0,2026,7
1081,1133,10,0.85,1,0,0,0,0,1,0,0,0,0,0,0,0,2026,6
1082,1247,3,0.95,1,0,0,0,0,1,0,0,0,0,0,0,0,2026,6
1083,478,17,-0.85,1,0,0,0,0,1,0,0,0,0,0,0,0,2026,7
1084,534,13,0.95,1,0,0,0,0,1,0,0,0,0,0,0,0,2026,7
1085,454,3,-0.9,1,0,0,0,0,1,0,0,0,0,0,0,0,2026,7
1086,217,0,0.85,1,0,0,0,0,1,0,0,0,0,0,0,0,2026,7
1087,890,12,-0.5,1,0,0,0,0,0,0,0,0,0,1,0,0,2026,6
1088,590,0,0.8,1,0,0,0,0,0,0,0,0,1,0,0,0,2026,7
1089,563,0,0.85,1,0,0,0,0,0,0,0,0,1,0,0,0,2026,6
1090,254,0,0.85,1,0,0,0,0,0,0,0,0,1,0,0,0,2026,6
1091,368,13,-0.8,1,0,0,0,0,0,0,0,0,1,0,0,0,2026,6
1092,552,0,0.85,1,0,0,0,0,0,0,0,0,0,0,0,1,2026,6
1093,471,19,0.85,1,0,0,0,0,0,0,0,0,0,0,0,1,2026,6
1094,621,4,0.9,1,0,0,0,0,0,0,0,0,1,0,0,0,2026,6
1095,455,0,0.85,1,0,0,0,0,1,0,0,0,0,0,0,0,2026,7
1096,408,3,0.85,1,0,0,0,0,1,0,0,0,0,0,0,0,2026,7
1097,421,10,0.95,1,0,0,0,0,0,0,1,0,0,0,0,0,2026,7
1098,314,4,0.85,1,0,0,0,0,1,0,0,0,0,0,0,0,2026,7
1099,281,0,0.85,1,0,0,0,0,1,0,0,0,0,0,0,0,2026,7
1100,215,0,0.85,1,0,0,0,0,1,0,0,0,0,0,0,0,2026,7
1101,600,4,-1.0,1,0,0,0,0,1,0,0,0,0,0,0,0,2026,6
1102,262,21,-1.0,1,0,0,0,0,1,0,0,0,0,0,0,0,2026,6
1103,694,10,0.85,1,0,0,0,0,1,0,0,0,0,0,0,0,2026,5
1104,662,0,0.5,1,0,0,0,0,1,0,0,0,0,0,0,0,2026,7
1105,584,0,0.85,1,0,0,0,0,1,0,0,0,0,0,0,0,2026,7
1106,485,0,-1.0,1,0,0,0,0,1,0,0,0,0,0,0,0,2026,7
1107,128,15,0.5,1,0,0,0,0,0,0,0,0,1,0,0,0,2026,7
1108,268,0,0.85,1,0,0,0,0,0,0,0,0,1,0,0,0,2026,7
1109,195,5,0.85,1,0,0,0,0,0,0,0,0,1,0,0,0,2026,7
1110,549,0,0.85,1,0,0,0,0,0,0,0,0,1,0,0,0,2026,7
1111,664,0,-0.8,1,0,0,0,0,1,0,0,0,0,0,0,0,2026,7
1112,568,8,0.85,1,0,0,0,0,1,0,0,0,0,0,0,0,2026,7
1113,1789,21,0.85,1,0,0,0,0,1,0,0,0,0,0,0,0,2026,7
1114,724,6,-0.95,1,0,0,0,0,1,0,0,0,0,0,0,0,2026,7
1115,366,0,0.85,1,0,0,0,0,1,0,0,0,0,0,0,0,2026,7
1116,318,10,-0.85,1,0,0,0,0,1,0,0,0,0,0,0,0,2026,7
1117,2137,50,0.85,1,0,0,0,0,0,0,1,0,0,0,0,0,2026,7
1118,363,3,-0.85,1,0,0,0,0,0,0,1,0,0,0,0,0,2026,7
1119,202,0,-1.0,1,0,0,0,0,0,0,1,0,0,0,0,0,2026,7
1120,371,28,0.95,1,0,0,0,0,0,0,1,0,0,0,0,0,2026,7
1121,97,0,0.85,1,0,0,0,0,0,0,1,0,0,0,0,0,2026,7
1122,520,9,0.95,1,0,0,0,0,0,0,1,0,0,0,0,0,2026,7
1123,425,13,-0.85,1,0,0,0,0,0,0,1,0,0,0,0,0,2026,7
1124,292,5,-0.85,1,0,0,0,0,0,0,1,0,0,0,0,0,2026,7
1125,371,5,-0.85,1,0,0,0,0,0,0,1,0,0,0,0,0,2026,7
1126,361,19,-1.0,1,0,0,0,0,0,0,1,0,0,0,0,0,2026,7
1127,575,3,0.8,1,0,0,0,0,0,0,1,0,0,0,0,0,2026,7
1128,717,5,0.85,1,0,0,0,0,0,0,1,0,0,0,0,0,2026,7
1129,1201,19,0.9,1,0,0,0,0,0,0,1,0,0,0,0,0,2026,7
1130,728,22,-0.3,1,0,0,0,0,0,0,1,0,0,0,0,0,2026,7
1131,462,13,0.85,1,0,0,0,0,0,0,1,0,0,0,0,0,2026,7
1132,343,19,-0.8,1,0,0,0,0,0,0,1,0,0,0,0,0,2026,7
1133,338,10,-0.8,1,0,0,0,0,0,0,1,0,0,0,0,0,2026,7
1134,387,24,-0.85,1,0,0,0,0,0,0,1,0,0,0,0,0,2026,7
1135,291,33,-0.85,1,0,0,0,0,0,0,1,0,0,0,0,0,2026,7
1136,305,0,-0.95,1,0,0,0,1,0,0,0,0,0,0,0,0,2026,7
1137,478,10,-0.85,1,0,0,0,1,0,0,0,0,0,0,0,0,2026,7
1138,772,0,-0.8,1,0,0,0,1,0,0,0,0,0,0,0,0,2026,7
1139,375,6,0.85,1,0,0,0,1,0,0,0,0,0,0,0,0,2026,7
1140,428,0,-0.85,1,0,0,0,1,0,0,0,0,0,0,0,0,2026,7
1141,183,7,0.85,1,0,0,0,1,0,0,0,0,0,0,0,0,2026,7
1142,301,0,0.85,1,0,0,0,1,0,0,0,0,0,0,0,0,2026,7
1143,489,10,-0.85,1,0,0,0,1,0,0,0,0,0,0,0,0,2026,7
1144,323,0,0.8,1,0,0,0,1,0,0,0,0,0,0,0,0,2026,7
1145,362,0,-0.85,1,0,0,0,1,0,0,0,0,0,0,0,0,2026,7
1146,412,0,0.85,1,0,0,0,1,0,0,0,0,0,0,0,0,2026,7
1147,941,0,0.95,1,0,0,0,1,0,0,0,0,0,0,0,0,2026,7
1148,900,10,0.95,1,0,0,0,1,0,0,0,0,0,0,0,0,2026,7
1149,458,0,-0.85,1,0,0,0,1,0,0,0,0,0,0,0,0,2026,7
1150,191,0,0.85,1,0,0,0,1,0,0,0,0,0,0,0,0,2026,7
1151,273,0,-0.8,1,0,0,0,1,0,0,0,0,0,0,0,0,2026,7
1152,339,0,-1.0,1,0,0,0,1,0,0,0,0,0,0,0,0,2026,7
1153,344,0,0.85,1,0,0,0,1,0,0,0,0,0,0,0,0,2026,7
1154,691,0,-0.8,1,0,0,0,1,0,0,0,0,0,0,0,0,2026,7
1155,403,0,-0.85,1,0,0,0,1,0,0,0,0,0,0,0,0,2026,7
1156,1056,45,-0.85,1,0,0,0,0,0,0,0,0,1,0,0,0,2026,7
1157,4307,23,-0.85,1,0,0,0,0,0,0,0,0,1,0,0,0,2026,7
1158,1169,13,-1.0,1,0,0,0,0,0,0,0,0,1,0,0,0,2026,7
1159,1746,13,0.85,1,0,0,0,0,0,0,0,0,1,0,0,0,2026,6
1160,461,3,-0.85,1,0,0,0,0,0,0,0,0,1,0,0,0,2026,6
1161,1504,0,0.8,1,0,0,0,0,0,0,0,0,1,0,0,0,2026,6
1162,1527,4,0.85,1,0,0,0,0,0,0,0,0,1,0,0,0,2026,6
1163,733,3,-0.85,1,0,0,0,0,0,0,0,0,1,0,0,0,2026,6
1164,2271,26,-0.85,1,0,0,0,0,0,0,0,0,1,0,0,0,2026,7
1165,5430,53,-0.85,1,0,0,0,0,0,0,0,0,1,0,0,0,2026,6
1166,721,14,-0.85,1,0,0,0,0,0,0,0,0,1,0,0,0,2026,6
1167,803,10,0.85,1,0,0,0,0,0,0,0,0,1,0,0,0,2026,6
1168,1055,0,-0.5,1,0,0,0,0,0,0,0,0,1,0,0,0,2026,6
1169,1066,17,-0.85,1,0,0,0,0,0,0,0,0,1,0,0,0,2026,6
1170,897,3,-0.5,1,0,0,0,0,0,0,0,0,1,0,0,0,2026,6
1171,1106,6,-1.0,1,0,0,0,0,0,0,0,0,1,0,0,0,2026,6
1172,967,10,-1.0,1,0,0,0,0,0,0,0,0,1,0,0,0,2026,5
1173,1086,15,0.85,1,0,0,0,0,0,0,0,0,1,0,0,0,2026,5
1174,823,22,-1.0,1,0,0,0,0,0,0,0,0,1,0,0,0,2026,5
1175,1318,3,0.85,1,0,0,0,0,0,0,0,0,0,1,0,0,2026,5
1176,1516,9,0.85,1,0,0,0,0,0,0,0,0,1,0,0,0,2026,7
1177,281,0,0.85,1,0,0,0,0,0,0,0,0,1,0,0,0,2026,7
1178,321,4,-0.8,1,0,0,0,0,0,0,0,0,1,0,0,0,2026,7
1179,369,0,0.8,1,0,0,0,0,0,0,0,0,1,0,0,0,2026,7
1180,861,0,0.8,1,0,0,0,0,0,0,0,0,1,0,0,0,2026,7
1181,496,6,0.95,1,0,0,0,0,0,0,0,0,1,0,0,0,2026,7
1182,934,8,0.85,1,0,0,0,0,0,0,0,0,1,0,0,0,2026,7
1183,1615,13,0.85,1,0,0,0,0,0,0,0,0,1,0,0,0,2026,7
1184,385,14,-0.85,1,0,0,0,0,0,0,0,0,1,0,0,0,2026,7
1185,1131,27,0.85,1,0,0,0,0,0,0,0,0,1,0,0,0,2026,7
1186,487,10,0.85,1,0,0,0,0,0,0,0,0,1,0,0,0,2026,7
1187,1036,0,-0.8,1,0,0,0,0,0,0,0,0,1,0,0,0,2026,7
1188,517,9,-0.85,1,0,0,0,0,0,0,0,0,1,0,0,0,2026,7
1189,321,0,-1.0,1,0,0,0,0,0,0,0,0,1,0,0,0,2026,7
1190,966,36,-0.85,1,0,0,0,0,0,0,0,0,1,0,0,0,2026,7
1191,311,0,-0.8,1,0,0,0,0,0,0,0,0,1,0,0,0,2026,7
1192,203,0,-0.8,1,0,0,0,0,0,0,0,0,1,0,0,0,2026,7
1193,350,0,-0.85,1,0,0,0,0,0,0,0,0,1,0,0,0,2026,7
1194,652,0,0.85,1,0,0,0,0,0,0,0,0,1,0,0,0,2026,7
1195,395,3,0.85,1,0,0,0,0,0,0,0,0,1,0,0,0,2026,7
